dyad,group,condition,roi,r2_roi,isc_roi_before,isc_roi_after
104,strangers,Generate,LH_EAC,0.49340916,0.18187393,0.79458827
104,strangers,Generate,LH_pSTG,0.41769502,0.11961043,0.65767115
104,strangers,Generate,LH_aSTG,0.46821725,0.13831191,0.82686406
104,strangers,Generate,LH_IFG,0.30793905,0.009789343,-0.14717734
104,strangers,Generate,LH_FOP,0.23987031,0.021278756,0.6762904
104,strangers,Generate,LH_MFG,0.34364125,0.0504076,0.14701623
104,strangers,Generate,LH_SM,0.42854097,-0.0019094131,-0.11511784
104,strangers,Generate,LH_SMA,0.28758234,0.107290335,0.10619288
104,strangers,Generate,LH_IPS,0.4533913,0.061764758,-0.24718821
104,strangers,Generate,LH_TPJ,0.3800928,0.05335915,-0.4490451
104,strangers,Generate,LH_PMC,0.47830626,-0.021237243,-0.04793259
104,strangers,Generate,RH_EAC,0.44676796,0.18872257,0.6283774
104,strangers,Generate,RH_pSTG,0.44839895,0.17095987,0.60779476
104,strangers,Generate,RH_aSTG,0.49536198,0.13585201,0.82860094
104,strangers,Generate,RH_IFG,0.295376,-0.012977746,0.29741746
104,strangers,Generate,RH_FOP,0.238094,0.024148716,0.46403536
104,strangers,Generate,RH_MFG,0.35531437,0.13746844,0.49933824
104,strangers,Generate,RH_SM,0.41401708,0.035572253,-0.39553192
104,strangers,Generate,RH_SMA,0.3435107,0.13298686,0.26413128
104,strangers,Generate,RH_IPS,0.46190637,0.10577212,0.20313615
104,strangers,Generate,RH_TPJ,0.42699736,0.08496478,-0.0040202965
104,strangers,Generate,RH_PMC,0.49180526,0.019960165,0.09395482
104,strangers,Read,LH_EAC,0.48898947,0.13230579,0.79964185
104,strangers,Read,LH_pSTG,0.4226044,0.02349011,0.6432018
104,strangers,Read,LH_aSTG,0.51723903,0.16970842,0.80589736
104,strangers,Read,LH_IFG,0.32968777,-0.03933607,-0.22046414
104,strangers,Read,LH_FOP,0.27351594,0.025662782,0.6604513
104,strangers,Read,LH_MFG,0.34790826,-0.055660408,-0.023295455
104,strangers,Read,LH_SM,0.46702558,0.0030821445,-0.051189087
104,strangers,Read,LH_SMA,0.298895,-0.025804428,0.07892145
104,strangers,Read,LH_IPS,0.47126523,-0.030287853,-0.2143743
104,strangers,Read,LH_TPJ,0.41265035,0.05085092,-0.5667791
104,strangers,Read,LH_PMC,0.47105306,0.071318336,0.05713845
104,strangers,Read,RH_EAC,0.4508657,0.14448024,0.62916785
104,strangers,Read,RH_pSTG,0.41407526,0.07810506,0.542804
104,strangers,Read,RH_aSTG,0.53672904,0.1413273,0.8107281
104,strangers,Read,RH_IFG,0.32683563,0.07791175,0.27069196
104,strangers,Read,RH_FOP,0.24985501,-0.0056921556,0.4427576
104,strangers,Read,RH_MFG,0.37630683,0.03685692,0.33936033
104,strangers,Read,RH_SM,0.43628725,0.027965263,-0.3900006
104,strangers,Read,RH_SMA,0.34876695,-0.02617973,0.14117411
104,strangers,Read,RH_IPS,0.4731174,-0.017457841,0.08598177
104,strangers,Read,RH_TPJ,0.41447806,0.07920495,-0.112015955
104,strangers,Read,RH_PMC,0.489608,0.033655245,0.13240685
105,strangers,Generate,LH_EAC,0.37320337,-0.0064755613,0.85424906
105,strangers,Generate,LH_pSTG,0.38256726,0.08407348,0.2397806
105,strangers,Generate,LH_aSTG,0.4397049,0.00062792044,0.2782977
105,strangers,Generate,LH_IFG,0.4204905,0.033832937,0.33277142
105,strangers,Generate,LH_FOP,0.32469726,0.030584132,0.25942376
105,strangers,Generate,LH_MFG,0.39218247,0.028793026,0.7502618
105,strangers,Generate,LH_SM,0.47746462,0.082725406,0.35222512
105,strangers,Generate,LH_SMA,0.3993097,0.10058217,0.3263793
105,strangers,Generate,LH_IPS,0.43233034,0.027009761,0.648542
105,strangers,Generate,LH_TPJ,0.4369383,-0.0018159372,0.23125191
105,strangers,Generate,LH_PMC,0.53529286,0.008010588,0.34187937
105,strangers,Generate,RH_EAC,0.36956388,-0.035853986,0.6388678
105,strangers,Generate,RH_pSTG,0.38027883,0.04033262,0.022590214
105,strangers,Generate,RH_aSTG,0.39956546,-0.0029671735,-0.0066301837
105,strangers,Generate,RH_IFG,0.3107303,0.020072896,-0.049793214
105,strangers,Generate,RH_FOP,0.3213841,0.025093213,0.0997501
105,strangers,Generate,RH_MFG,0.38251287,0.066036664,0.56702346
105,strangers,Generate,RH_SM,0.4352063,0.05588862,0.1995199
105,strangers,Generate,RH_SMA,0.3699224,0.08532194,0.72923374
105,strangers,Generate,RH_IPS,0.46911544,-0.025601642,0.4941755
105,strangers,Generate,RH_TPJ,0.44059482,-0.021199614,0.2855506
105,strangers,Generate,RH_PMC,0.5255433,-0.0070629236,0.563859
105,strangers,Read,LH_EAC,0.4026066,0.0395015,0.86323166
105,strangers,Read,LH_pSTG,0.39060858,0.065489605,0.360534
105,strangers,Read,LH_aSTG,0.4834364,0.12208734,0.38518456
105,strangers,Read,LH_IFG,0.43368572,0.04130143,0.3718228
105,strangers,Read,LH_FOP,0.31206763,-0.016106442,0.19211231
105,strangers,Read,LH_MFG,0.39247358,0.0032486164,0.7055896
105,strangers,Read,LH_SM,0.5004082,0.094000034,0.3273549
105,strangers,Read,LH_SMA,0.40370524,0.04395402,0.33687246
105,strangers,Read,LH_IPS,0.39882553,-0.0011334175,0.64815533
105,strangers,Read,LH_TPJ,0.4531215,-0.016802719,0.20280574
105,strangers,Read,LH_PMC,0.51999074,-0.031988084,0.34692964
105,strangers,Read,RH_EAC,0.41293794,0.07717857,0.6799028
105,strangers,Read,RH_pSTG,0.383843,0.036679085,0.14899185
105,strangers,Read,RH_aSTG,0.41105708,0.1301893,0.065310486
105,strangers,Read,RH_IFG,0.30373326,0.053364478,0.024890339
105,strangers,Read,RH_FOP,0.28630105,-0.046032827,0.117735356
105,strangers,Read,RH_MFG,0.3804831,0.009796843,0.5322494
105,strangers,Read,RH_SM,0.48110482,0.083173156,0.14145817
105,strangers,Read,RH_SMA,0.34906796,0.020271335,0.7323891
105,strangers,Read,RH_IPS,0.4522531,0.060831636,0.4666921
105,strangers,Read,RH_TPJ,0.44825262,0.013598424,0.2571711
105,strangers,Read,RH_PMC,0.511104,-0.0062618186,0.5464952
107,strangers,Generate,LH_EAC,0.44632995,-0.032602403,0.569464
107,strangers,Generate,LH_pSTG,0.44480312,0.015664922,0.16339636
107,strangers,Generate,LH_aSTG,0.48302364,0.0008666371,0.44040936
107,strangers,Generate,LH_IFG,0.35311213,0.027212283,0.076939516
107,strangers,Generate,LH_FOP,0.44033104,0.07608058,0.20944476
107,strangers,Generate,LH_MFG,0.37064055,-0.037039127,-0.11969443
107,strangers,Generate,LH_SM,0.5020437,-0.102458864,-0.33873868
107,strangers,Generate,LH_SMA,0.33795583,0.0042132474,0.17939156
107,strangers,Generate,LH_IPS,0.4620515,0.03285508,-0.41230336
107,strangers,Generate,LH_TPJ,0.4639629,0.012251377,0.20581181
107,strangers,Generate,LH_PMC,0.52287954,0.051703524,0.14185567
107,strangers,Generate,RH_EAC,0.4537543,0.0038542727,0.40233254
107,strangers,Generate,RH_pSTG,0.5086452,0.122785985,0.6602184
107,strangers,Generate,RH_aSTG,0.47455952,0.075978786,0.7720334
107,strangers,Generate,RH_IFG,0.43093586,0.024159702,0.5659983
107,strangers,Generate,RH_FOP,0.40958577,0.06838491,0.21218066
107,strangers,Generate,RH_MFG,0.46032688,0.07915667,0.35785472
107,strangers,Generate,RH_SM,0.5301399,-0.010923447,0.2461001
107,strangers,Generate,RH_SMA,0.42661756,0.04089635,0.31245714
107,strangers,Generate,RH_IPS,0.52111363,0.18684699,0.21027626
107,strangers,Generate,RH_TPJ,0.45471644,0.10971138,0.7373557
107,strangers,Generate,RH_PMC,0.49465507,0.12533568,0.2589997
107,strangers,Read,LH_EAC,0.47359574,0.11354565,0.6341038
107,strangers,Read,LH_pSTG,0.4314065,0.11011032,0.26663536
107,strangers,Read,LH_aSTG,0.49982285,0.17535582,0.6143919
107,strangers,Read,LH_IFG,0.32649478,0.048770044,0.1548147
107,strangers,Read,LH_FOP,0.3652579,0.040867064,0.16903521
107,strangers,Read,LH_MFG,0.36265653,-0.018618962,-0.030067673
107,strangers,Read,LH_SM,0.4834166,0.07865093,-0.32452253
107,strangers,Read,LH_SMA,0.3659279,0.06120093,0.25432435
107,strangers,Read,LH_IPS,0.4762776,0.048269417,-0.3132943
107,strangers,Read,LH_TPJ,0.45305735,0.051979095,0.19223322
107,strangers,Read,LH_PMC,0.51197153,-0.014513186,0.08275676
107,strangers,Read,RH_EAC,0.46971273,0.08355422,0.5119745
107,strangers,Read,RH_pSTG,0.49535507,0.09741875,0.5751056
107,strangers,Read,RH_aSTG,0.49703348,0.15194722,0.7749206
107,strangers,Read,RH_IFG,0.44512612,0.101700805,0.5108398
107,strangers,Read,RH_FOP,0.3736975,0.058391847,0.13519944
107,strangers,Read,RH_MFG,0.45904145,0.006746093,0.28702486
107,strangers,Read,RH_SM,0.51692957,0.046236016,0.23618434
107,strangers,Read,RH_SMA,0.4221565,0.05958484,0.26003593
107,strangers,Read,RH_IPS,0.51735413,0.0914472,0.17008394
107,strangers,Read,RH_TPJ,0.42103466,0.07955986,0.6711895
107,strangers,Read,RH_PMC,0.4889738,-0.0358694,0.13590348
108,strangers,Generate,LH_EAC,0.48363832,-0.004034052,0.20904814
108,strangers,Generate,LH_pSTG,0.4501797,0.020895952,0.36796558
108,strangers,Generate,LH_aSTG,0.48133516,-0.024311269,0.4519348
108,strangers,Generate,LH_IFG,0.4235783,-0.038189612,0.28876722
108,strangers,Generate,LH_FOP,0.41077918,-0.0038187488,0.3142384
108,strangers,Generate,LH_MFG,0.41007397,-0.02456135,0.16771322
108,strangers,Generate,LH_SM,0.53930646,0.029919766,0.6270094
108,strangers,Generate,LH_SMA,0.3895831,0.02611946,-0.0374667
108,strangers,Generate,LH_IPS,0.48082533,0.019574085,0.09388695
108,strangers,Generate,LH_TPJ,0.44111997,-0.0501068,0.676201
108,strangers,Generate,LH_PMC,0.48834252,0.027687073,0.8552322
108,strangers,Generate,RH_EAC,0.41900253,-0.048444714,0.043414675
108,strangers,Generate,RH_pSTG,0.4227534,0.018707179,0.25064468
108,strangers,Generate,RH_aSTG,0.45973536,-0.026517222,0.13170528
108,strangers,Generate,RH_IFG,0.43905127,0.01352855,0.33694524
108,strangers,Generate,RH_FOP,0.39044714,0.0012543971,0.17632405
108,strangers,Generate,RH_MFG,0.45970732,0.008186265,0.278896
108,strangers,Generate,RH_SM,0.55393094,0.0154267065,0.18298829
108,strangers,Generate,RH_SMA,0.42065227,0.056622107,0.097481735
108,strangers,Generate,RH_IPS,0.50474775,0.0037360506,-0.19908768
108,strangers,Generate,RH_TPJ,0.39654338,0.015584181,0.685547
108,strangers,Generate,RH_PMC,0.46023345,0.0364872,0.8564119
108,strangers,Read,LH_EAC,0.48398262,-0.003156659,0.1259502
108,strangers,Read,LH_pSTG,0.4783402,0.00013337513,0.3518813
108,strangers,Read,LH_aSTG,0.51901424,-0.008422506,0.45665544
108,strangers,Read,LH_IFG,0.46549746,-0.11362174,0.21512951
108,strangers,Read,LH_FOP,0.42226768,-0.021949748,0.28924757
108,strangers,Read,LH_MFG,0.44061494,-0.03449865,0.12770054
108,strangers,Read,LH_SM,0.5296327,-0.0013071711,0.60442173
108,strangers,Read,LH_SMA,0.41441333,-0.047253907,-0.061588854
108,strangers,Read,LH_IPS,0.51676905,-0.051149756,0.049897812
108,strangers,Read,LH_TPJ,0.44459102,-0.07755537,0.673216
108,strangers,Read,LH_PMC,0.46027362,-0.048857216,0.8463991
108,strangers,Read,RH_EAC,0.46743435,-0.016874678,0.014155915
108,strangers,Read,RH_pSTG,0.47977966,-0.018030018,0.2543916
108,strangers,Read,RH_aSTG,0.48894694,0.0054862057,0.18760534
108,strangers,Read,RH_IFG,0.44261742,-0.10772983,0.24869391
108,strangers,Read,RH_FOP,0.39495236,-0.031781398,0.14633419
108,strangers,Read,RH_MFG,0.4775864,-0.03834145,0.2652502
108,strangers,Read,RH_SM,0.5529668,0.035167005,0.16159663
108,strangers,Read,RH_SMA,0.4091674,-0.013212055,0.05188468
108,strangers,Read,RH_IPS,0.53275347,-0.010396947,-0.22030662
108,strangers,Read,RH_TPJ,0.41929737,-0.02305646,0.69186103
108,strangers,Read,RH_PMC,0.45074177,-0.0075274883,0.84645724
114,strangers,Generate,LH_EAC,0.47916532,0.02223197,-0.13015369
114,strangers,Generate,LH_pSTG,0.4345252,0.0224538,-0.5160168
114,strangers,Generate,LH_aSTG,0.46212935,0.032828126,-0.2368125
114,strangers,Generate,LH_IFG,0.40024635,0.0033123824,-0.6828989
114,strangers,Generate,LH_FOP,0.3548226,0.024773471,-0.0928048
114,strangers,Generate,LH_MFG,0.39028454,0.040833093,0.17205472
114,strangers,Generate,LH_SM,0.42984015,0.009776232,0.60041434
114,strangers,Generate,LH_SMA,0.34586713,-0.04275112,-0.21901742
114,strangers,Generate,LH_IPS,0.5122923,0.06963088,0.020741565
114,strangers,Generate,LH_TPJ,0.475276,0.05739453,-0.0375708
114,strangers,Generate,LH_PMC,0.56680286,0.10439123,0.10662644
114,strangers,Generate,RH_EAC,0.50886166,0.024961831,-0.15519565
114,strangers,Generate,RH_pSTG,0.47650522,0.057088125,0.090665415
114,strangers,Generate,RH_aSTG,0.4768408,0.09211875,-0.073683195
114,strangers,Generate,RH_IFG,0.32205805,-0.022657357,-0.5838264
114,strangers,Generate,RH_FOP,0.32208106,0.002681746,-0.121902145
114,strangers,Generate,RH_MFG,0.44438142,0.016554927,0.0012647087
114,strangers,Generate,RH_SM,0.47456425,-0.01667775,0.44693485
114,strangers,Generate,RH_SMA,0.3884052,0.020436082,0.10481024
114,strangers,Generate,RH_IPS,0.5106726,0.06521298,0.23985432
114,strangers,Generate,RH_TPJ,0.47109562,0.07621237,0.04754924
114,strangers,Generate,RH_PMC,0.51891416,0.1058588,-0.28913683
114,strangers,Read,LH_EAC,0.49753705,0.030151665,-0.09125207
114,strangers,Read,LH_pSTG,0.4607435,0.02827276,-0.49656427
114,strangers,Read,LH_aSTG,0.49714327,0.06405228,-0.1435372
114,strangers,Read,LH_IFG,0.41515568,-0.0118442355,-0.6150659
114,strangers,Read,LH_FOP,0.33518562,-0.0067062983,-0.07992512
114,strangers,Read,LH_MFG,0.4398039,-0.01291708,0.14549188
114,strangers,Read,LH_SM,0.45443112,0.028758137,0.58078533
114,strangers,Read,LH_SMA,0.37240708,-0.011196801,-0.15906355
114,strangers,Read,LH_IPS,0.5150666,0.023729548,0.04450672
114,strangers,Read,LH_TPJ,0.461412,0.035606805,-0.03022155
114,strangers,Read,LH_PMC,0.52866584,0.06441109,0.12834884
114,strangers,Read,RH_EAC,0.5185639,0.04466819,-0.100014776
114,strangers,Read,RH_pSTG,0.5072545,0.023501873,0.14963722
114,strangers,Read,RH_aSTG,0.51001346,0.07314433,-0.006714472
114,strangers,Read,RH_IFG,0.34511504,0.0034145238,-0.5432265
114,strangers,Read,RH_FOP,0.29244536,0.0010598694,-0.07187108
114,strangers,Read,RH_MFG,0.44994313,0.04995683,-0.016887033
114,strangers,Read,RH_SM,0.5032406,0.044846382,0.44581187
114,strangers,Read,RH_SMA,0.40194762,0.02014236,0.12878425
114,strangers,Read,RH_IPS,0.5102845,0.0736271,0.27202317
114,strangers,Read,RH_TPJ,0.4522487,0.04323659,0.021993704
114,strangers,Read,RH_PMC,0.49828988,0.06164894,-0.27658185
116,strangers,Generate,LH_EAC,0.50699675,0.12783478,0.84414566
116,strangers,Generate,LH_pSTG,0.47835773,0.016887583,0.48512754
116,strangers,Generate,LH_aSTG,0.5484532,0.09510672,0.72436136
116,strangers,Generate,LH_IFG,0.45879382,0.07635667,0.68215173
116,strangers,Generate,LH_FOP,0.38886943,0.05637713,0.5821798
116,strangers,Generate,LH_MFG,0.45508382,0.06360138,-0.021623956
116,strangers,Generate,LH_SM,0.54495513,0.023369296,-0.02957133
116,strangers,Generate,LH_SMA,0.37065926,0.072812945,0.33622167
116,strangers,Generate,LH_IPS,0.45491743,-0.003517352,0.021017717
116,strangers,Generate,LH_TPJ,0.50971484,0.012069569,0.516936
116,strangers,Generate,LH_PMC,0.49537072,-0.07245774,0.8229435
116,strangers,Generate,RH_EAC,0.4682715,0.07534559,0.788036
116,strangers,Generate,RH_pSTG,0.5237528,0.0730685,0.59563154
116,strangers,Generate,RH_aSTG,0.54107785,0.1370392,0.7516915
116,strangers,Generate,RH_IFG,0.43689972,0.022604376,0.6193408
116,strangers,Generate,RH_FOP,0.36719233,0.07311286,0.46022573
116,strangers,Generate,RH_MFG,0.46737927,0.14014752,-0.011603865
116,strangers,Generate,RH_SM,0.5380929,0.007138611,0.21650775
116,strangers,Generate,RH_SMA,0.4420064,0.12178468,0.50181764
116,strangers,Generate,RH_IPS,0.4892493,0.009147963,-0.2361782
116,strangers,Generate,RH_TPJ,0.49154803,-0.02822695,0.2490141
116,strangers,Generate,RH_PMC,0.5158262,-0.0858444,0.65278465
116,strangers,Read,LH_EAC,0.49657464,0.102929406,0.84452087
116,strangers,Read,LH_pSTG,0.5114997,0.010181448,0.51004976
116,strangers,Read,LH_aSTG,0.5495156,0.06333532,0.7223164
116,strangers,Read,LH_IFG,0.42279282,-0.05613375,0.68650603
116,strangers,Read,LH_FOP,0.36755028,-0.012787882,0.5927629
116,strangers,Read,LH_MFG,0.45098072,-0.033310007,-0.1089083
116,strangers,Read,LH_SM,0.5557592,-0.0021185745,-0.07304843
116,strangers,Read,LH_SMA,0.3990346,0.0032715958,0.3331663
116,strangers,Read,LH_IPS,0.4619476,-0.059605587,0.004372515
116,strangers,Read,LH_TPJ,0.5219246,0.002136517,0.5635371
116,strangers,Read,LH_PMC,0.51110697,-0.0058813626,0.8447565
116,strangers,Read,RH_EAC,0.46612895,0.061341893,0.80947584
116,strangers,Read,RH_pSTG,0.5253957,0.05784799,0.61806655
116,strangers,Read,RH_aSTG,0.5346483,0.070762336,0.7636515
116,strangers,Read,RH_IFG,0.4442468,0.039549284,0.6585412
116,strangers,Read,RH_FOP,0.32766867,0.013593972,0.5121761
116,strangers,Read,RH_MFG,0.45002902,-0.015001119,-0.04746628
116,strangers,Read,RH_SM,0.54279417,-0.027088288,0.17548567
116,strangers,Read,RH_SMA,0.4183321,0.016578622,0.52266306
116,strangers,Read,RH_IPS,0.49902666,-0.044572964,-0.2838786
116,strangers,Read,RH_TPJ,0.51318467,0.10488893,0.30204618
116,strangers,Read,RH_PMC,0.535563,0.021557014,0.6826339
117,strangers,Generate,LH_EAC,0.4865023,0.03561014,0.8135368
117,strangers,Generate,LH_pSTG,0.48626605,0.0009283902,0.012926598
117,strangers,Generate,LH_aSTG,0.4656521,0.021332597,0.4238072
117,strangers,Generate,LH_IFG,0.32946804,-0.0052125403,0.3025632
117,strangers,Generate,LH_FOP,0.36192542,0.07008982,0.701466
117,strangers,Generate,LH_MFG,0.34529024,0.0875497,-0.4586759
117,strangers,Generate,LH_SM,0.5199566,0.12620308,-0.13444594
117,strangers,Generate,LH_SMA,0.3873281,0.059076943,0.64762855
117,strangers,Generate,LH_IPS,0.5261366,-0.0068701147,-0.42744938
117,strangers,Generate,LH_TPJ,0.45352685,-0.01299167,-0.36159736
117,strangers,Generate,LH_PMC,0.50765705,0.021844847,-0.39314848
117,strangers,Generate,RH_EAC,0.4830015,0.017772168,0.59469175
117,strangers,Generate,RH_pSTG,0.42698073,0.08528653,-0.22915652
117,strangers,Generate,RH_aSTG,0.488948,0.013186388,0.5253403
117,strangers,Generate,RH_IFG,0.39975262,0.01284931,-0.08020333
117,strangers,Generate,RH_FOP,0.37298286,0.06289821,0.34354886
117,strangers,Generate,RH_MFG,0.4066354,0.1212777,0.09040005
117,strangers,Generate,RH_SM,0.51756597,0.10423539,-0.056257136
117,strangers,Generate,RH_SMA,0.42317018,0.075480014,0.7213173
117,strangers,Generate,RH_IPS,0.50124145,0.0031985983,-0.16021271
117,strangers,Generate,RH_TPJ,0.4946314,0.061630663,-0.38457394
117,strangers,Generate,RH_PMC,0.5381764,0.027650598,-0.4581761
117,strangers,Read,LH_EAC,0.51776713,0.09273996,0.82581747
117,strangers,Read,LH_pSTG,0.5176384,0.026878191,0.14324135
117,strangers,Read,LH_aSTG,0.5587933,0.16471061,0.5812159
117,strangers,Read,LH_IFG,0.35298783,0.031330377,0.39087144
117,strangers,Read,LH_FOP,0.34390655,-0.01786176,0.63269633
117,strangers,Read,LH_MFG,0.37067086,0.046791386,-0.37378472
117,strangers,Read,LH_SM,0.51906484,0.095311604,-0.12854856
117,strangers,Read,LH_SMA,0.36947042,0.0509285,0.6211651
117,strangers,Read,LH_IPS,0.5402744,-0.011816677,-0.39102098
117,strangers,Read,LH_TPJ,0.47473803,-0.07204693,-0.3023046
117,strangers,Read,LH_PMC,0.5245149,-0.09510302,-0.417561
117,strangers,Read,RH_EAC,0.52131474,0.05246397,0.62106526
117,strangers,Read,RH_pSTG,0.42845204,0.023234423,-0.2542956
117,strangers,Read,RH_aSTG,0.5349012,0.077746935,0.5736916
117,strangers,Read,RH_IFG,0.40828234,0.011529141,-0.12564868
117,strangers,Read,RH_FOP,0.35242018,0.02362451,0.24740316
117,strangers,Read,RH_MFG,0.40083808,0.039314065,0.048061434
117,strangers,Read,RH_SM,0.4994448,0.061192557,-0.043004256
117,strangers,Read,RH_SMA,0.39361715,0.04062022,0.5453946
117,strangers,Read,RH_IPS,0.5119364,-0.036622256,-0.15320866
117,strangers,Read,RH_TPJ,0.527667,0.0073361634,-0.36769688
117,strangers,Read,RH_PMC,0.54979116,-0.06173422,-0.503073
120,strangers,Generate,LH_EAC,0.40146905,-0.013074846,0.5015872
120,strangers,Generate,LH_pSTG,0.42708912,-0.025487958,0.40322578
120,strangers,Generate,LH_aSTG,0.43163705,-0.05696168,0.36187333
120,strangers,Generate,LH_IFG,0.42067343,0.0006552697,0.31276605
120,strangers,Generate,LH_FOP,0.34131628,0.025622586,0.1578122
120,strangers,Generate,LH_MFG,0.38901722,-0.044280946,0.64552903
120,strangers,Generate,LH_SM,0.5793488,-0.04788348,-0.5694145
120,strangers,Generate,LH_SMA,0.44494292,-0.056270245,0.32135788
120,strangers,Generate,LH_IPS,0.49043298,0.017438827,0.27278647
120,strangers,Generate,LH_TPJ,0.44095868,0.012172908,0.4321686
120,strangers,Generate,LH_PMC,0.5302774,-0.037285272,0.39237073
120,strangers,Generate,RH_EAC,0.4179545,0.039525032,0.38992295
120,strangers,Generate,RH_pSTG,0.45052826,0.03503118,0.5157663
120,strangers,Generate,RH_aSTG,0.46355605,-0.0061930884,0.4847657
120,strangers,Generate,RH_IFG,0.34171748,0.06709718,0.63020325
120,strangers,Generate,RH_FOP,0.24795714,0.023671933,0.5508331
120,strangers,Generate,RH_MFG,0.41950506,-0.041852463,0.24830945
120,strangers,Generate,RH_SM,0.5363631,-0.05681697,0.14192954
120,strangers,Generate,RH_SMA,0.48976728,-0.049917158,0.19671355
120,strangers,Generate,RH_IPS,0.48844784,0.013076529,0.45429507
120,strangers,Generate,RH_TPJ,0.4855445,0.052788366,0.23030347
120,strangers,Generate,RH_PMC,0.5451395,-0.03342714,0.44106582
120,strangers,Read,LH_EAC,0.4511669,-0.0062789377,0.50455797
120,strangers,Read,LH_pSTG,0.4871206,-0.04982959,0.4157996
120,strangers,Read,LH_aSTG,0.44537425,-0.03554644,0.3683638
120,strangers,Read,LH_IFG,0.43432605,-0.0780676,0.32717445
120,strangers,Read,LH_FOP,0.35002065,-0.024272777,0.17511079
120,strangers,Read,LH_MFG,0.41253227,-0.062094223,0.6429856
120,strangers,Read,LH_SM,0.60343,-0.02406805,-0.5719035
120,strangers,Read,LH_SMA,0.46213716,-0.05342574,0.32290545
120,strangers,Read,LH_IPS,0.52549404,-0.04285483,0.21424565
120,strangers,Read,LH_TPJ,0.44755554,-0.05936184,0.45503262
120,strangers,Read,LH_PMC,0.53764665,-0.046570763,0.40501153
120,strangers,Read,RH_EAC,0.4584057,-0.017866816,0.41532034
120,strangers,Read,RH_pSTG,0.49009132,-0.052889723,0.52561826
120,strangers,Read,RH_aSTG,0.46682614,-0.05494457,0.4958208
120,strangers,Read,RH_IFG,0.34763402,-0.082560934,0.6489481
120,strangers,Read,RH_FOP,0.23917481,-0.04412668,0.6402361
120,strangers,Read,RH_MFG,0.4623461,-0.055376858,0.13083631
120,strangers,Read,RH_SM,0.5616138,-0.023916254,0.2331972
120,strangers,Read,RH_SMA,0.5141181,-0.014628965,0.13517463
120,strangers,Read,RH_IPS,0.5092683,-0.02557072,0.38053197
120,strangers,Read,RH_TPJ,0.49189955,-0.04276444,0.27370948
120,strangers,Read,RH_PMC,0.5517577,-0.008111507,0.48128918
122,strangers,Generate,LH_EAC,0.44659418,0.09530799,0.39030126
122,strangers,Generate,LH_pSTG,0.39838338,0.0131142335,0.057535816
122,strangers,Generate,LH_aSTG,0.4149968,0.082973786,0.28043452
122,strangers,Generate,LH_IFG,0.42033392,0.020019185,0.40307316
122,strangers,Generate,LH_FOP,0.3175515,0.02802289,0.05071284
122,strangers,Generate,LH_MFG,0.40853786,-0.020304881,0.25629887
122,strangers,Generate,LH_SM,0.5203291,-0.018809466,-0.3853634
122,strangers,Generate,LH_SMA,0.3306259,0.05435177,0.20108424
122,strangers,Generate,LH_IPS,0.5263672,-0.045942534,0.40377688
122,strangers,Generate,LH_TPJ,0.41560286,0.010047331,0.4886577
122,strangers,Generate,LH_PMC,0.49196446,0.00026252266,0.49952096
122,strangers,Generate,RH_EAC,0.43309677,0.085927255,0.3742517
122,strangers,Generate,RH_pSTG,0.41965345,0.1326196,0.11797656
122,strangers,Generate,RH_aSTG,0.4196726,0.13179496,0.26344216
122,strangers,Generate,RH_IFG,0.41877735,0.056062516,-0.2420391
122,strangers,Generate,RH_FOP,0.30260813,0.05139541,-0.39641386
122,strangers,Generate,RH_MFG,0.40064895,0.12742662,-0.22671276
122,strangers,Generate,RH_SM,0.5228638,-0.030201135,-0.41217384
122,strangers,Generate,RH_SMA,0.3950004,0.022911184,-0.28498992
122,strangers,Generate,RH_IPS,0.51259136,0.04129382,-0.2780653
122,strangers,Generate,RH_TPJ,0.4942854,0.08611251,0.16213708
122,strangers,Generate,RH_PMC,0.5008114,0.049226686,0.12006704
122,strangers,Read,LH_EAC,0.4608934,0.08039885,0.34743097
122,strangers,Read,LH_pSTG,0.44235158,0.0025220683,0.23818892
122,strangers,Read,LH_aSTG,0.43051854,0.04910785,0.41180685
122,strangers,Read,LH_IFG,0.44501197,-0.01581441,0.3448376
122,strangers,Read,LH_FOP,0.30546075,-0.0084672505,-0.032914266
122,strangers,Read,LH_MFG,0.40729856,-0.116083026,0.2455565
122,strangers,Read,LH_SM,0.51425785,-0.0369523,-0.42770383
122,strangers,Read,LH_SMA,0.34281188,0.0283069,0.28905836
122,strangers,Read,LH_IPS,0.5548062,-0.0034828722,0.30888006
122,strangers,Read,LH_TPJ,0.45198894,0.07777068,0.31324458
122,strangers,Read,LH_PMC,0.5086984,0.05367444,0.51540166
122,strangers,Read,RH_EAC,0.43488038,0.09013628,0.37879604
122,strangers,Read,RH_pSTG,0.40158737,-0.013058624,0.23122332
122,strangers,Read,RH_aSTG,0.43240762,-0.0165641,0.40232587
122,strangers,Read,RH_IFG,0.43312547,-0.035505928,-0.22344573
122,strangers,Read,RH_FOP,0.30000588,-0.032049373,-0.3621504
122,strangers,Read,RH_MFG,0.42437744,-0.07507539,-0.20681544
122,strangers,Read,RH_SM,0.5044995,-0.022443902,-0.45683149
122,strangers,Read,RH_SMA,0.4196242,-0.024271643,-0.21617565
122,strangers,Read,RH_IPS,0.5439694,-0.0689399,-0.23378855
122,strangers,Read,RH_TPJ,0.48420382,0.04255892,0.16041501
122,strangers,Read,RH_PMC,0.5178699,0.07741742,0.13214235
123,strangers,Generate,LH_EAC,0.4810779,0.05261243,0.6300983
123,strangers,Generate,LH_pSTG,0.34027895,-0.0007525293,0.6564594
123,strangers,Generate,LH_aSTG,0.3981486,-0.08233598,0.6542927
123,strangers,Generate,LH_IFG,0.27661163,-0.055464394,0.4423296
123,strangers,Generate,LH_FOP,0.3013385,0.05390695,-0.1584792
123,strangers,Generate,LH_MFG,0.3812276,0.04244756,0.34700665
123,strangers,Generate,LH_SM,0.42017063,0.036129564,-0.60997003
123,strangers,Generate,LH_SMA,0.2753541,0.045194555,0.35011333
123,strangers,Generate,LH_IPS,0.5137251,0.0064129955,0.24957511
123,strangers,Generate,LH_TPJ,0.46724343,-0.019102585,-0.047741156
123,strangers,Generate,LH_PMC,0.5572736,0.026020734,0.1753179
123,strangers,Generate,RH_EAC,0.38829947,0.054499567,0.6510127
123,strangers,Generate,RH_pSTG,0.47819424,0.12201308,0.41578284
123,strangers,Generate,RH_aSTG,0.5049485,0.059087165,0.5537729
123,strangers,Generate,RH_IFG,0.43594098,0.06695137,0.09773846
123,strangers,Generate,RH_FOP,0.29698208,0.08681566,-0.15890092
123,strangers,Generate,RH_MFG,0.29610127,-0.021377372,0.57601774
123,strangers,Generate,RH_SM,0.46178797,0.050615005,-0.29436064
123,strangers,Generate,RH_SMA,0.41570574,-0.006270999,-0.2258013
123,strangers,Generate,RH_IPS,0.54399776,0.05461144,0.12715885
123,strangers,Generate,RH_TPJ,0.48414224,0.09456671,-0.051654596
123,strangers,Generate,RH_PMC,0.5793005,0.08080715,0.12154015
123,strangers,Read,LH_EAC,0.5107169,0.16017425,0.6525852
123,strangers,Read,LH_pSTG,0.41380295,0.03996936,0.656132
123,strangers,Read,LH_aSTG,0.45588207,0.07733398,0.68050873
123,strangers,Read,LH_IFG,0.32329428,-0.025839858,0.45742765
123,strangers,Read,LH_FOP,0.32432345,0.001637204,-0.16897032
123,strangers,Read,LH_MFG,0.383989,0.0049528694,0.34523726
123,strangers,Read,LH_SM,0.4221363,0.03058296,-0.6526304
123,strangers,Read,LH_SMA,0.3791483,0.03506163,0.40734795
123,strangers,Read,LH_IPS,0.520321,-0.011974979,0.23581934
123,strangers,Read,LH_TPJ,0.4897883,-0.011749788,-0.06595107
123,strangers,Read,LH_PMC,0.5349656,-0.00772392,0.058657352
123,strangers,Read,RH_EAC,0.43071884,0.16866845,0.6895238
123,strangers,Read,RH_pSTG,0.43737835,0.06454306,0.28130797
123,strangers,Read,RH_aSTG,0.51064825,0.11701656,0.57304
123,strangers,Read,RH_IFG,0.43957895,-0.081547074,-0.0046622767
123,strangers,Read,RH_FOP,0.27938902,0.0067654653,-0.23382166
123,strangers,Read,RH_MFG,0.24307078,-0.021574354,0.6247686
123,strangers,Read,RH_SM,0.5053127,0.016925827,-0.31377098
123,strangers,Read,RH_SMA,0.4266509,0.020827966,-0.22359891
123,strangers,Read,RH_IPS,0.5279664,-0.05664111,0.08941111
123,strangers,Read,RH_TPJ,0.46107912,0.022465851,-0.02272974
123,strangers,Read,RH_PMC,0.54027116,0.038914755,0.062801816
126,strangers,Generate,LH_EAC,0.48636758,0.086789176,0.7548783
126,strangers,Generate,LH_pSTG,0.44599754,0.01471607,0.4549819
126,strangers,Generate,LH_aSTG,0.47069085,0.08620044,0.84564483
126,strangers,Generate,LH_IFG,0.44117296,-0.057081502,0.1251309
126,strangers,Generate,LH_FOP,0.37001324,-0.02172992,-0.79076505
126,strangers,Generate,LH_MFG,0.38710034,0.0289663,0.25612792
126,strangers,Generate,LH_SM,0.56195664,-0.01785181,0.3248682
126,strangers,Generate,LH_SMA,0.36931527,-0.024730641,0.2058844
126,strangers,Generate,LH_IPS,0.5074315,0.012047573,-0.13837792
126,strangers,Generate,LH_TPJ,0.49026698,-0.029258376,0.09972158
126,strangers,Generate,LH_PMC,0.5348133,-0.013845096,-0.46589747
126,strangers,Generate,RH_EAC,0.536476,0.023843473,0.49147493
126,strangers,Generate,RH_pSTG,0.4064772,0.014985865,0.16143146
126,strangers,Generate,RH_aSTG,0.47691378,0.08919045,0.5081273
126,strangers,Generate,RH_IFG,0.42967844,-0.054743316,-0.35767615
126,strangers,Generate,RH_FOP,0.34576654,-0.034018733,-0.7615369
126,strangers,Generate,RH_MFG,0.30110306,-0.025790814,0.2766663
126,strangers,Generate,RH_SM,0.5378863,-0.047089018,0.5550274
126,strangers,Generate,RH_SMA,0.39861047,-0.097456865,0.035517354
126,strangers,Generate,RH_IPS,0.49861607,-0.0029634621,0.031269427
126,strangers,Generate,RH_TPJ,0.43228805,-0.015224251,-0.4963907
126,strangers,Generate,RH_PMC,0.5505936,-0.0051769777,-0.39921498
126,strangers,Read,LH_EAC,0.4801473,0.121791005,0.76065886
126,strangers,Read,LH_pSTG,0.40699857,-0.03728662,0.4897341
126,strangers,Read,LH_aSTG,0.5047039,0.14387332,0.86116713
126,strangers,Read,LH_IFG,0.45252416,0.03272726,0.2879444
126,strangers,Read,LH_FOP,0.358739,0.013530907,-0.7822552
126,strangers,Read,LH_MFG,0.39597732,-0.00727766,0.2600651
126,strangers,Read,LH_SM,0.55983543,0.01146032,0.38310584
126,strangers,Read,LH_SMA,0.38104904,-0.026416205,0.17008987
126,strangers,Read,LH_IPS,0.523938,0.050433584,-0.1149346
126,strangers,Read,LH_TPJ,0.5099281,-0.020214476,0.090191916
126,strangers,Read,LH_PMC,0.5380396,-0.0025870183,-0.36405328
126,strangers,Read,RH_EAC,0.51791394,0.059594356,0.53444624
126,strangers,Read,RH_pSTG,0.40945187,0.02777576,0.26329997
126,strangers,Read,RH_aSTG,0.50481623,0.15094545,0.56644106
126,strangers,Read,RH_IFG,0.43915886,0.061180018,-0.2308169
126,strangers,Read,RH_FOP,0.30513683,-0.005803315,-0.719829
126,strangers,Read,RH_MFG,0.35514832,0.015784357,0.3058678
126,strangers,Read,RH_SM,0.5318481,-0.019485373,0.5579115
126,strangers,Read,RH_SMA,0.37653497,0.015358195,0.040069733
126,strangers,Read,RH_IPS,0.4957863,0.088778995,0.098384075
126,strangers,Read,RH_TPJ,0.44687378,0.05860406,-0.46750715
126,strangers,Read,RH_PMC,0.56421053,0.013758621,-0.28798726
128,strangers,Generate,LH_EAC,0.5118079,0.16915156,0.7469496
128,strangers,Generate,LH_pSTG,0.444467,0.09036019,0.3662997
128,strangers,Generate,LH_aSTG,0.49208796,0.11170418,0.6546868
128,strangers,Generate,LH_IFG,0.3317008,0.043185394,0.4941715
128,strangers,Generate,LH_FOP,0.259084,0.043854,0.7380367
128,strangers,Generate,LH_MFG,0.3166538,0.050514948,0.46633336
128,strangers,Generate,LH_SM,0.44717878,0.07245228,0.38929266
128,strangers,Generate,LH_SMA,0.33709455,0.043611318,0.5419811
128,strangers,Generate,LH_IPS,0.50206995,0.033854228,0.24951895
128,strangers,Generate,LH_TPJ,0.4125257,0.025843889,0.7271735
128,strangers,Generate,LH_PMC,0.50516546,-0.0029844046,0.5827705
128,strangers,Generate,RH_EAC,0.46826893,0.06023692,0.750296
128,strangers,Generate,RH_pSTG,0.44160002,0.12449765,0.5981085
128,strangers,Generate,RH_aSTG,0.4773677,0.1324465,0.70610523
128,strangers,Generate,RH_IFG,0.40069997,0.03699816,0.37745807
128,strangers,Generate,RH_FOP,0.24755558,0.05580188,0.75513715
128,strangers,Generate,RH_MFG,0.36121237,0.09590818,0.6736505
128,strangers,Generate,RH_SM,0.47645056,0.04054556,0.3728816
128,strangers,Generate,RH_SMA,0.34255558,0.102174714,0.773227
128,strangers,Generate,RH_IPS,0.48655093,0.061632745,0.2644889
128,strangers,Generate,RH_TPJ,0.4593347,0.07446737,0.7101369
128,strangers,Generate,RH_PMC,0.5156882,-0.020524045,0.5234883
128,strangers,Read,LH_EAC,0.47767067,0.061292473,0.70909876
128,strangers,Read,LH_pSTG,0.4216324,0.007346721,0.2922089
128,strangers,Read,LH_aSTG,0.49257296,0.06926535,0.59936035
128,strangers,Read,LH_IFG,0.40335962,0.018552402,0.51790243
128,strangers,Read,LH_FOP,0.3440194,0.11371381,0.72078604
128,strangers,Read,LH_MFG,0.32888478,-0.025393553,0.45933667
128,strangers,Read,LH_SM,0.47910485,0.05433344,0.40660453
128,strangers,Read,LH_SMA,0.35751078,0.06596007,0.56447303
128,strangers,Read,LH_IPS,0.53203034,-0.0012129404,0.2390531
128,strangers,Read,LH_TPJ,0.4373777,-0.007334369,0.6836585
128,strangers,Read,LH_PMC,0.4950521,-0.063682444,0.5483427
128,strangers,Read,RH_EAC,0.44595852,0.011416986,0.72279876
128,strangers,Read,RH_pSTG,0.42265517,0.0015682935,0.57242054
128,strangers,Read,RH_aSTG,0.45822215,-0.011480067,0.6511227
128,strangers,Read,RH_IFG,0.41548055,0.0050370945,0.38094202
128,strangers,Read,RH_FOP,0.25960135,0.07538182,0.7664995
128,strangers,Read,RH_MFG,0.35572562,0.053010643,0.6657475
128,strangers,Read,RH_SM,0.48026443,0.04104792,0.4008864
128,strangers,Read,RH_SMA,0.35811114,0.12296725,0.7383386
128,strangers,Read,RH_IPS,0.51915216,0.032053344,0.3338595
128,strangers,Read,RH_TPJ,0.45668495,0.027480379,0.6623914
128,strangers,Read,RH_PMC,0.50445676,-0.06852048,0.49607736
129,strangers,Generate,LH_EAC,0.3659313,0.063221745,0.5580525
129,strangers,Generate,LH_pSTG,0.4170018,0.011353985,0.42596173
129,strangers,Generate,LH_aSTG,0.43637457,0.047409084,0.3485782
129,strangers,Generate,LH_IFG,0.37028304,-0.0906829,0.114974044
129,strangers,Generate,LH_FOP,0.31057245,-0.0032476226,-0.16407353
129,strangers,Generate,LH_MFG,0.40177998,0.077474415,0.10740238
129,strangers,Generate,LH_SM,0.50866246,0.09057915,0.17550859
129,strangers,Generate,LH_SMA,0.29318905,0.028586669,0.13713798
129,strangers,Generate,LH_IPS,0.5171744,-0.022309056,-0.58390176
129,strangers,Generate,LH_TPJ,0.44446278,0.0012752096,0.009851272
129,strangers,Generate,LH_PMC,0.46026146,0.01760986,0.37715942
129,strangers,Generate,RH_EAC,0.35658497,0.08822567,0.386781
129,strangers,Generate,RH_pSTG,0.3867365,0.22011405,0.7047042
129,strangers,Generate,RH_aSTG,0.44048557,0.13198507,0.4801271
129,strangers,Generate,RH_IFG,0.33819973,0.038677003,-0.33785993
129,strangers,Generate,RH_FOP,0.33968514,0.082829185,-0.084546216
129,strangers,Generate,RH_MFG,0.42317045,0.12379925,-0.12181647
129,strangers,Generate,RH_SM,0.50195116,0.05264189,-0.3184143
129,strangers,Generate,RH_SMA,0.34596434,0.068959765,0.11267728
129,strangers,Generate,RH_IPS,0.48592976,0.03293904,-0.6469556
129,strangers,Generate,RH_TPJ,0.43246675,0.073558,-0.21932587
129,strangers,Generate,RH_PMC,0.5073742,0.05368768,0.32344466
129,strangers,Read,LH_EAC,0.37929326,0.06922394,0.5138728
129,strangers,Read,LH_pSTG,0.37086746,0.052219402,0.50237024
129,strangers,Read,LH_aSTG,0.4559963,0.09373865,0.39194998
129,strangers,Read,LH_IFG,0.37530848,0.010819861,0.24646719
129,strangers,Read,LH_FOP,0.26025623,-0.03712371,-0.06126733
129,strangers,Read,LH_MFG,0.35327107,-0.09050144,0.12233215
129,strangers,Read,LH_SM,0.50057447,-0.02061811,0.050696146
129,strangers,Read,LH_SMA,0.31708425,0.032979105,0.2721674
129,strangers,Read,LH_IPS,0.47573897,0.052531406,-0.5116531
129,strangers,Read,LH_TPJ,0.46196795,0.10077061,0.17440036
129,strangers,Read,LH_PMC,0.4844885,0.0804682,0.43278015
129,strangers,Read,RH_EAC,0.3588419,0.06824765,0.30914843
129,strangers,Read,RH_pSTG,0.32441673,0.10460736,0.6930133
129,strangers,Read,RH_aSTG,0.4700261,0.048125356,0.49267334
129,strangers,Read,RH_IFG,0.3530289,-0.035289623,-0.35920975
129,strangers,Read,RH_FOP,0.28702408,-0.054422386,-0.08193129
129,strangers,Read,RH_MFG,0.40733734,-0.011934576,-0.10980613
129,strangers,Read,RH_SM,0.50430393,-0.031944383,-0.4001352
129,strangers,Read,RH_SMA,0.34010026,-0.01431489,0.1472965
129,strangers,Read,RH_IPS,0.4462153,0.035656426,-0.65341085
129,strangers,Read,RH_TPJ,0.4634697,0.0610294,-0.15347515
129,strangers,Read,RH_PMC,0.5047648,0.06588409,0.3779795
131,strangers,Generate,LH_EAC,0.44940096,-0.008691351,0.6202359
131,strangers,Generate,LH_pSTG,0.47570163,0.053620312,-0.056194924
131,strangers,Generate,LH_aSTG,0.48227125,0.008334744,-0.11154111
131,strangers,Generate,LH_IFG,0.40838668,-0.044777945,-0.19192433
131,strangers,Generate,LH_FOP,0.34109882,0.0041835024,-0.062036484
131,strangers,Generate,LH_MFG,0.42278713,0.08632747,-0.29851675
131,strangers,Generate,LH_SM,0.5104756,0.07650016,0.7360931
131,strangers,Generate,LH_SMA,0.34907156,0.0057163932,0.16622134
131,strangers,Generate,LH_IPS,0.5433843,0.012302263,-0.56502426
131,strangers,Generate,LH_TPJ,0.49657217,-0.052198637,-0.08813523
131,strangers,Generate,LH_PMC,0.5324964,-0.008867051,-0.42602977
131,strangers,Generate,RH_EAC,0.45018622,0.016920809,0.5583483
131,strangers,Generate,RH_pSTG,0.4712937,0.095536046,-0.13204865
131,strangers,Generate,RH_aSTG,0.47307837,-0.022414457,0.0031882266
131,strangers,Generate,RH_IFG,0.30168247,-0.04564933,-0.70653474
131,strangers,Generate,RH_FOP,0.35882008,-0.057186075,-0.122469105
131,strangers,Generate,RH_MFG,0.44109923,0.09638442,-0.040705465
131,strangers,Generate,RH_SM,0.52543354,0.050938517,0.58594847
131,strangers,Generate,RH_SMA,0.3680786,0.07693918,0.15144277
131,strangers,Generate,RH_IPS,0.5118885,0.035311617,-0.68359804
131,strangers,Generate,RH_TPJ,0.46440494,-0.0007760992,-0.37990725
131,strangers,Generate,RH_PMC,0.53856754,-0.0051075704,-0.25837567
131,strangers,Read,LH_EAC,0.47682095,-0.002756006,0.6311505
131,strangers,Read,LH_pSTG,0.48130012,0.015731445,-0.078649685
131,strangers,Read,LH_aSTG,0.50794756,0.039286893,0.08016643
131,strangers,Read,LH_IFG,0.4186515,-0.008410797,-0.035667982
131,strangers,Read,LH_FOP,0.31617582,0.012173602,0.008701294
131,strangers,Read,LH_MFG,0.43918377,-0.020344332,-0.22287199
131,strangers,Read,LH_SM,0.5066936,0.023191866,0.70400864
131,strangers,Read,LH_SMA,0.3771088,0.026156308,0.23120552
131,strangers,Read,LH_IPS,0.5622364,-0.025098164,-0.54797095
131,strangers,Read,LH_TPJ,0.5093663,0.041733205,0.12834264
131,strangers,Read,LH_PMC,0.5288067,0.04771707,-0.29384294
131,strangers,Read,RH_EAC,0.47623986,0.017749095,0.5681555
131,strangers,Read,RH_pSTG,0.46213502,0.046432197,-0.14527851
131,strangers,Read,RH_aSTG,0.49220905,0.014645412,0.08361774
131,strangers,Read,RH_IFG,0.31183934,0.013997873,-0.6259535
131,strangers,Read,RH_FOP,0.35374627,0.030505411,-0.06728746
131,strangers,Read,RH_MFG,0.4392029,0.05759514,-0.009257044
131,strangers,Read,RH_SM,0.5151561,0.020684471,0.5490639
131,strangers,Read,RH_SMA,0.3886705,0.04550911,0.20449382
131,strangers,Read,RH_IPS,0.5276051,-0.02799773,-0.6664712
131,strangers,Read,RH_TPJ,0.4624966,0.03771042,-0.2609757
131,strangers,Read,RH_PMC,0.5392404,0.047309622,-0.12447295
132,strangers,Generate,LH_EAC,0.41727978,0.19825038,0.4380954
132,strangers,Generate,LH_pSTG,0.44807678,0.059580147,0.69387937
132,strangers,Generate,LH_aSTG,0.45929477,0.13515772,0.7428856
132,strangers,Generate,LH_IFG,0.3197257,-0.017520737,0.30306417
132,strangers,Generate,LH_FOP,0.32589483,0.06970414,-0.4885631
132,strangers,Generate,LH_MFG,0.32504225,0.0148029,0.70341915
132,strangers,Generate,LH_SM,0.46580946,-0.018781966,-0.03390325
132,strangers,Generate,LH_SMA,0.30939674,0.016009912,0.043206785
132,strangers,Generate,LH_IPS,0.44401896,0.018858328,0.67071944
132,strangers,Generate,LH_TPJ,0.43924806,0.07912826,0.22656682
132,strangers,Generate,LH_PMC,0.44773033,0.024298862,0.34175023
132,strangers,Generate,RH_EAC,0.34438753,0.07220108,0.5899621
132,strangers,Generate,RH_pSTG,0.3979459,0.061498906,0.58088404
132,strangers,Generate,RH_aSTG,0.41266447,0.10052733,0.70774806
132,strangers,Generate,RH_IFG,0.37084854,-0.024425505,-0.027528225
132,strangers,Generate,RH_FOP,0.38206536,0.059098367,-0.048294485
132,strangers,Generate,RH_MFG,0.34216315,-0.0032907617,0.47223338
132,strangers,Generate,RH_SM,0.4421546,0.0016824445,0.08838468
132,strangers,Generate,RH_SMA,0.3703882,0.025935726,-0.0427612
132,strangers,Generate,RH_IPS,0.44232768,0.0056731426,0.71727383
132,strangers,Generate,RH_TPJ,0.41356698,0.095494434,0.026857678
132,strangers,Generate,RH_PMC,0.49075973,0.014810085,0.22803298
132,strangers,Read,LH_EAC,0.39639097,0.17857695,0.47890782
132,strangers,Read,LH_pSTG,0.45423257,0.042325746,0.7097554
132,strangers,Read,LH_aSTG,0.4992656,0.107138924,0.7401369
132,strangers,Read,LH_IFG,0.3909462,0.06386503,0.38448364
132,strangers,Read,LH_FOP,0.36416566,-0.010438561,-0.4729105
132,strangers,Read,LH_MFG,0.3168579,-0.06510575,0.6946916
132,strangers,Read,LH_SM,0.42267016,-0.0015169694,-0.0056482814
132,strangers,Read,LH_SMA,0.3250034,0.03627283,0.07174533
132,strangers,Read,LH_IPS,0.44567996,0.019869009,0.6518212
132,strangers,Read,LH_TPJ,0.4959969,-0.0009643455,0.15292743
132,strangers,Read,LH_PMC,0.47637582,0.013747005,0.3671706
132,strangers,Read,RH_EAC,0.33770797,0.09351969,0.61532706
132,strangers,Read,RH_pSTG,0.4157743,-0.004147591,0.5625592
132,strangers,Read,RH_aSTG,0.43579614,0.10299977,0.7136032
132,strangers,Read,RH_IFG,0.38917643,0.025410932,0.05309163
132,strangers,Read,RH_FOP,0.3996387,0.035643566,-0.03545393
132,strangers,Read,RH_MFG,0.35900217,0.021874838,0.50089973
132,strangers,Read,RH_SM,0.40403384,-0.00580293,0.11001584
132,strangers,Read,RH_SMA,0.3935786,-0.01915125,-0.06550852
132,strangers,Read,RH_IPS,0.4035825,0.0245758,0.7126833
132,strangers,Read,RH_TPJ,0.4677702,0.094849,0.008575015
132,strangers,Read,RH_PMC,0.5023041,0.10114869,0.27888942
133,strangers,Generate,LH_EAC,0.39071196,0.03878575,0.7235358
133,strangers,Generate,LH_pSTG,0.45333332,-0.0044843163,0.21893498
133,strangers,Generate,LH_aSTG,0.48657632,-0.02082491,0.0026679132
133,strangers,Generate,LH_IFG,0.42374924,-0.019075278,-0.33207703
133,strangers,Generate,LH_FOP,0.37676644,0.044272203,0.5812969
133,strangers,Generate,LH_MFG,0.37273192,0.059195884,-0.20779441
133,strangers,Generate,LH_SM,0.52219856,0.010465626,0.485371
133,strangers,Generate,LH_SMA,0.34581995,0.03490907,0.438336
133,strangers,Generate,LH_IPS,0.52778876,-0.0428038,0.025532255
133,strangers,Generate,LH_TPJ,0.37307686,0.020978391,-0.40844512
133,strangers,Generate,LH_PMC,0.51883256,-0.046000957,-0.23282963
133,strangers,Generate,RH_EAC,0.33015507,-0.009780023,0.8530436
133,strangers,Generate,RH_pSTG,0.3929711,0.06660195,0.07925829
133,strangers,Generate,RH_aSTG,0.44950438,0.00016547476,-0.015075128
133,strangers,Generate,RH_IFG,0.38428295,0.0505219,-0.31106907
133,strangers,Generate,RH_FOP,0.34031773,0.06656724,0.44554916
133,strangers,Generate,RH_MFG,0.3687506,0.08183727,0.28355372
133,strangers,Generate,RH_SM,0.50830805,0.07002004,0.5664616
133,strangers,Generate,RH_SMA,0.3459671,0.01653839,0.5758586
133,strangers,Generate,RH_IPS,0.43840462,-0.04751493,0.34319702
133,strangers,Generate,RH_TPJ,0.43490744,0.11957902,-0.21967533
133,strangers,Generate,RH_PMC,0.5242207,0.032795466,-0.2046604
133,strangers,Read,LH_EAC,0.4037754,0.04558026,0.76753235
133,strangers,Read,LH_pSTG,0.4674397,0.049269248,0.32074064
133,strangers,Read,LH_aSTG,0.50003624,0.031129405,0.12031398
133,strangers,Read,LH_IFG,0.42520624,0.019017056,-0.35746232
133,strangers,Read,LH_FOP,0.4011773,-0.046881717,0.55256
133,strangers,Read,LH_MFG,0.3924296,0.053775378,-0.12747383
133,strangers,Read,LH_SM,0.54330754,0.122744195,0.49989113
133,strangers,Read,LH_SMA,0.40789014,0.00035187355,0.43025902
133,strangers,Read,LH_IPS,0.5586777,-0.06679031,-0.02190543
133,strangers,Read,LH_TPJ,0.4495647,0.019782819,-0.37165666
133,strangers,Read,LH_PMC,0.51873606,-0.04443767,-0.21621355
133,strangers,Read,RH_EAC,0.38391125,0.06078413,0.86331594
133,strangers,Read,RH_pSTG,0.44080216,0.048238646,0.17341226
133,strangers,Read,RH_aSTG,0.44828978,0.037267487,0.07030734
133,strangers,Read,RH_IFG,0.40703285,0.010422044,-0.29541057
133,strangers,Read,RH_FOP,0.38208675,0.030424664,0.44432867
133,strangers,Read,RH_MFG,0.40447432,0.02628664,0.2963558
133,strangers,Read,RH_SM,0.5250509,0.121311575,0.60327977
133,strangers,Read,RH_SMA,0.42086172,0.019581085,0.6288304
133,strangers,Read,RH_IPS,0.49211916,-0.027685283,0.28603062
133,strangers,Read,RH_TPJ,0.44214797,0.09603695,-0.15610403
133,strangers,Read,RH_PMC,0.50132185,0.034317907,-0.20932773
137,strangers,Generate,LH_EAC,0.36889675,0.049183242,0.8956844
137,strangers,Generate,LH_pSTG,0.47837412,0.036673885,0.45412028
137,strangers,Generate,LH_aSTG,0.42640102,0.0752002,0.8796187
137,strangers,Generate,LH_IFG,0.42935073,-0.032014742,0.23878014
137,strangers,Generate,LH_FOP,0.35022807,0.027928643,0.026948858
137,strangers,Generate,LH_MFG,0.31465927,-0.032858726,0.29321453
137,strangers,Generate,LH_SM,0.52798647,-0.014153234,0.56120956
137,strangers,Generate,LH_SMA,0.33773637,-0.024095764,0.09324186
137,strangers,Generate,LH_IPS,0.5596194,0.004951286,0.2260026
137,strangers,Generate,LH_TPJ,0.4708479,-0.04353187,0.4900252
137,strangers,Generate,LH_PMC,0.537512,-0.073680714,0.566598
137,strangers,Generate,RH_EAC,0.423185,0.0062409616,0.7550873
137,strangers,Generate,RH_pSTG,0.45190787,0.117686085,0.53932214
137,strangers,Generate,RH_aSTG,0.4707405,0.08733726,0.76265913
137,strangers,Generate,RH_IFG,0.42284846,0.011717504,0.37768826
137,strangers,Generate,RH_FOP,0.37835312,0.011535947,0.23568758
137,strangers,Generate,RH_MFG,0.45123884,0.049430177,0.27797723
137,strangers,Generate,RH_SM,0.5244701,-0.048892923,0.42929372
137,strangers,Generate,RH_SMA,0.40231246,0.07150799,0.06884158
137,strangers,Generate,RH_IPS,0.50569326,0.019609803,0.067632966
137,strangers,Generate,RH_TPJ,0.47583485,0.053695627,0.7650211
137,strangers,Generate,RH_PMC,0.507202,-0.050002553,0.79343647
137,strangers,Read,LH_EAC,0.36110204,0.04451792,0.8923349
137,strangers,Read,LH_pSTG,0.4484653,-0.0020536948,0.49214634
137,strangers,Read,LH_aSTG,0.4630741,0.117161,0.89602053
137,strangers,Read,LH_IFG,0.43204468,-0.006837425,0.29622322
137,strangers,Read,LH_FOP,0.37768838,-0.02435617,0.024148827
137,strangers,Read,LH_MFG,0.3396625,-0.022471992,0.30526328
137,strangers,Read,LH_SM,0.51282626,0.0030733107,0.5413246
137,strangers,Read,LH_SMA,0.40533516,-0.0016868695,0.12864164
137,strangers,Read,LH_IPS,0.5578686,-0.053293817,0.1796159
137,strangers,Read,LH_TPJ,0.46164966,-0.09762247,0.49478707
137,strangers,Read,LH_PMC,0.5533229,-0.06956087,0.57313925
137,strangers,Read,RH_EAC,0.40118623,-0.025432877,0.7503452
137,strangers,Read,RH_pSTG,0.415986,-0.018139308,0.4807788
137,strangers,Read,RH_aSTG,0.48385322,0.06726275,0.77518654
137,strangers,Read,RH_IFG,0.4360563,-0.028032415,0.32584253
137,strangers,Read,RH_FOP,0.4049763,-0.020989181,0.266441
137,strangers,Read,RH_MFG,0.4723585,-0.03275793,0.28912756
137,strangers,Read,RH_SM,0.5124483,-0.04110826,0.37779114
137,strangers,Read,RH_SMA,0.42608154,-0.045506172,-0.015545263
137,strangers,Read,RH_IPS,0.5330442,-0.048665743,0.09010013
137,strangers,Read,RH_TPJ,0.44229674,-0.076620385,0.72463506
137,strangers,Read,RH_PMC,0.50140536,-0.060034752,0.7842722
138,strangers,Generate,LH_EAC,0.49107492,0.042483035,0.3123836
138,strangers,Generate,LH_pSTG,0.35162878,-0.009103062,-0.3982875
138,strangers,Generate,LH_aSTG,0.42421913,-1.0153248e-05,0.23484589
138,strangers,Generate,LH_IFG,0.4179282,0.010880266,-0.2396953
138,strangers,Generate,LH_FOP,0.37512624,0.021490198,-0.38860697
138,strangers,Generate,LH_MFG,0.41798663,-0.0276687,-0.5855745
138,strangers,Generate,LH_SM,0.4808257,0.0052722874,0.009095675
138,strangers,Generate,LH_SMA,0.4237909,-0.05041509,-0.26831585
138,strangers,Generate,LH_IPS,0.5124202,-0.0029654566,0.53753155
138,strangers,Generate,LH_TPJ,0.49498004,0.011355447,0.30902305
138,strangers,Generate,LH_PMC,0.542554,-0.011440387,0.23046355
138,strangers,Generate,RH_EAC,0.44980717,0.039647277,0.13049349
138,strangers,Generate,RH_pSTG,0.41620398,0.08292056,-0.1021325
138,strangers,Generate,RH_aSTG,0.45567083,0.09911442,0.040333394
138,strangers,Generate,RH_IFG,0.46748248,0.017389404,-0.2374674
138,strangers,Generate,RH_FOP,0.351838,0.036636606,-0.37519404
138,strangers,Generate,RH_MFG,0.4448766,0.068063885,0.104416974
138,strangers,Generate,RH_SM,0.4675497,-0.0028598926,-0.4606521
138,strangers,Generate,RH_SMA,0.37499386,0.03818584,-0.52486676
138,strangers,Generate,RH_IPS,0.52359486,0.07783614,0.7180197
138,strangers,Generate,RH_TPJ,0.5216963,0.07830597,0.082546756
138,strangers,Generate,RH_PMC,0.54167926,0.00861693,0.30805388
138,strangers,Read,LH_EAC,0.4938624,-0.043143388,0.22665694
138,strangers,Read,LH_pSTG,0.3782509,0.023759162,-0.28249756
138,strangers,Read,LH_aSTG,0.43836433,-0.0011905318,0.24349567
138,strangers,Read,LH_IFG,0.43830013,-0.054943573,-0.23452492
138,strangers,Read,LH_FOP,0.341043,0.031084606,-0.4786897
138,strangers,Read,LH_MFG,0.45102352,-0.06436388,-0.6493653
138,strangers,Read,LH_SM,0.4876433,-0.0967202,0.020220026
138,strangers,Read,LH_SMA,0.43965966,-0.06949792,-0.33178496
138,strangers,Read,LH_IPS,0.5014117,0.03522393,0.49579737
138,strangers,Read,LH_TPJ,0.51266956,-0.0035090374,0.35655436
138,strangers,Read,LH_PMC,0.52916366,-0.04048326,0.22797687
138,strangers,Read,RH_EAC,0.45732152,-0.02729886,0.033589963
138,strangers,Read,RH_pSTG,0.44728446,0.02084063,-0.011254308
138,strangers,Read,RH_aSTG,0.47454304,0.02042656,0.002909305
138,strangers,Read,RH_IFG,0.48525077,-0.060656227,-0.23587905
138,strangers,Read,RH_FOP,0.32736164,0.03153662,-0.41693947
138,strangers,Read,RH_MFG,0.46520868,-0.036248248,0.0997983
138,strangers,Read,RH_SM,0.45061994,-0.0660613,-0.44257796
138,strangers,Read,RH_SMA,0.40064895,-0.06499022,-0.5655871
138,strangers,Read,RH_IPS,0.50286704,0.022316605,0.7031518
138,strangers,Read,RH_TPJ,0.53001964,-0.0038553735,0.11528841
138,strangers,Read,RH_PMC,0.5422189,-0.04969464,0.32029933
142,strangers,Generate,LH_EAC,0.45953482,0.06374884,0.5483756
142,strangers,Generate,LH_pSTG,0.43164146,0.018594643,0.73209655
142,strangers,Generate,LH_aSTG,0.46994615,-0.0008646155,0.8833608
142,strangers,Generate,LH_IFG,0.40931404,-0.07415393,0.59211063
142,strangers,Generate,LH_FOP,0.3800072,0.067700595,0.4178261
142,strangers,Generate,LH_MFG,0.35790643,-0.035502106,-0.107125185
142,strangers,Generate,LH_SM,0.48487478,0.12301816,0.12730025
142,strangers,Generate,LH_SMA,0.36392176,0.037034024,0.21096756
142,strangers,Generate,LH_IPS,0.5311085,-0.10181465,-0.51196885
142,strangers,Generate,LH_TPJ,0.5223155,0.01073525,0.73942506
142,strangers,Generate,LH_PMC,0.5462467,-0.034537774,-0.39191103
142,strangers,Generate,RH_EAC,0.4370649,0.026905803,0.09954307
142,strangers,Generate,RH_pSTG,0.50040966,0.043865092,0.16291034
142,strangers,Generate,RH_aSTG,0.51466244,-0.017217973,0.31053913
142,strangers,Generate,RH_IFG,0.39723215,-0.089263394,-0.19237691
142,strangers,Generate,RH_FOP,0.37280834,0.007982764,0.110594146
142,strangers,Generate,RH_MFG,0.3300048,0.025346925,-0.44020736
142,strangers,Generate,RH_SM,0.49812853,0.015338626,-0.24483737
142,strangers,Generate,RH_SMA,0.33767655,0.061486546,-0.4419128
142,strangers,Generate,RH_IPS,0.40851006,-0.042703725,-0.63683295
142,strangers,Generate,RH_TPJ,0.41940677,-0.0034854566,-0.23531894
142,strangers,Generate,RH_PMC,0.4587594,-0.009138592,-0.68121105
142,strangers,Read,LH_EAC,0.46038002,0.118176274,0.6063114
142,strangers,Read,LH_pSTG,0.41796234,0.0023810463,0.6762044
142,strangers,Read,LH_aSTG,0.4767825,0.060206976,0.88978595
142,strangers,Read,LH_IFG,0.40830588,-0.10331208,0.55900794
142,strangers,Read,LH_FOP,0.3263196,0.035121866,0.35429463
142,strangers,Read,LH_MFG,0.3633588,-0.10251272,-0.11355706
142,strangers,Read,LH_SM,0.45887023,-0.12057651,0.06973214
142,strangers,Read,LH_SMA,0.36450645,-0.061210487,0.13278231
142,strangers,Read,LH_IPS,0.54669225,-0.010479377,-0.46907774
142,strangers,Read,LH_TPJ,0.52681893,-0.009930453,0.78219116
142,strangers,Read,LH_PMC,0.5624177,-0.030877529,-0.22426292
142,strangers,Read,RH_EAC,0.43643892,0.09514782,0.14307192
142,strangers,Read,RH_pSTG,0.4696641,-0.011639537,0.15373534
142,strangers,Read,RH_aSTG,0.54005677,-0.0042779534,0.34406656
142,strangers,Read,RH_IFG,0.42566335,-0.06337402,-0.054306064
142,strangers,Read,RH_FOP,0.3439957,0.03372103,0.16742016
142,strangers,Read,RH_MFG,0.36895478,-0.09258057,-0.41980523
142,strangers,Read,RH_SM,0.47738475,-0.06420299,-0.2212691
142,strangers,Read,RH_SMA,0.39553732,-0.1084612,-0.43262014
142,strangers,Read,RH_IPS,0.3990547,0.015949635,-0.63939667
142,strangers,Read,RH_TPJ,0.45306715,0.04365931,-0.025529232
142,strangers,Read,RH_PMC,0.5090778,0.0074504833,-0.5924828
153,strangers,Generate,LH_EAC,0.4433242,-0.05275451,0.8054692
153,strangers,Generate,LH_pSTG,0.42987698,-0.018764155,0.39350167
153,strangers,Generate,LH_aSTG,0.43414783,-0.13651028,0.6003816
153,strangers,Generate,LH_IFG,0.39276665,0.0006657114,-0.06351919
153,strangers,Generate,LH_FOP,0.3784009,0.20876336,-0.19343181
153,strangers,Generate,LH_MFG,0.33871526,0.09389372,-0.08250758
153,strangers,Generate,LH_SM,0.49818778,0.12215327,-0.09172372
153,strangers,Generate,LH_SMA,0.2558064,0.017842976,-0.1827969
153,strangers,Generate,LH_IPS,0.5110007,0.0838997,-0.23906353
153,strangers,Generate,LH_TPJ,0.50444,-0.028878309,0.5004232
153,strangers,Generate,LH_PMC,0.5066266,-0.006736534,0.05341924
153,strangers,Generate,RH_EAC,0.43477607,-0.009417042,0.8280112
153,strangers,Generate,RH_pSTG,0.5415254,0.1205636,0.7017644
153,strangers,Generate,RH_aSTG,0.44316682,-0.039826423,0.87018967
153,strangers,Generate,RH_IFG,0.45470876,0.03257964,-0.015211418
153,strangers,Generate,RH_FOP,0.42526492,0.21655367,-0.11217932
153,strangers,Generate,RH_MFG,0.33123374,0.14799285,-0.4799424
153,strangers,Generate,RH_SM,0.5554255,0.064869896,0.10709095
153,strangers,Generate,RH_SMA,0.36803496,0.16955529,0.022312257
153,strangers,Generate,RH_IPS,0.50276077,0.03450993,-0.59357226
153,strangers,Generate,RH_TPJ,0.53207886,0.08165368,0.49215642
153,strangers,Generate,RH_PMC,0.5457879,0.02878723,0.55685604
153,strangers,Read,LH_EAC,0.47908154,0.057480175,0.80510664
153,strangers,Read,LH_pSTG,0.4612338,0.057171617,0.4238787
153,strangers,Read,LH_aSTG,0.5212227,0.09777075,0.6604445
153,strangers,Read,LH_IFG,0.39241058,0.054219306,0.1725835
153,strangers,Read,LH_FOP,0.38453332,0.096560575,-0.24494377
153,strangers,Read,LH_MFG,0.34921327,-0.0384428,-0.06633908
153,strangers,Read,LH_SM,0.5167992,0.05993292,-0.13002722
153,strangers,Read,LH_SMA,0.2769999,-0.02545932,-0.08700826
153,strangers,Read,LH_IPS,0.5536823,0.04271982,-0.18920843
153,strangers,Read,LH_TPJ,0.5616288,0.1044393,0.6427968
153,strangers,Read,LH_PMC,0.5324416,-0.0031481315,0.18889844
153,strangers,Read,RH_EAC,0.4426142,0.055332016,0.8148538
153,strangers,Read,RH_pSTG,0.5097227,0.07944532,0.57180846
153,strangers,Read,RH_aSTG,0.50709593,0.07213929,0.86852276
153,strangers,Read,RH_IFG,0.45266914,0.034684196,-0.092119806
153,strangers,Read,RH_FOP,0.40644503,0.08403007,-0.10529707
153,strangers,Read,RH_MFG,0.36578393,0.09870223,-0.51497513
153,strangers,Read,RH_SM,0.5702509,-0.0041287816,0.034911893
153,strangers,Read,RH_SMA,0.34059638,0.10266802,-0.09799466
153,strangers,Read,RH_IPS,0.49929062,0.07304988,-0.5635833
153,strangers,Read,RH_TPJ,0.51990855,0.05613017,0.4322212
153,strangers,Read,RH_PMC,0.5295774,0.035043627,0.5964159
156,strangers,Generate,LH_EAC,0.3795539,-0.016859438,0.49488065
156,strangers,Generate,LH_pSTG,0.3997499,-0.045407627,0.36778548
156,strangers,Generate,LH_aSTG,0.4274659,-0.0062036514,0.34345
156,strangers,Generate,LH_IFG,0.3258016,0.032668516,-0.006585024
156,strangers,Generate,LH_FOP,0.30685622,0.025457172,0.21643612
156,strangers,Generate,LH_MFG,0.31245255,0.022775598,-0.12931447
156,strangers,Generate,LH_SM,0.46761864,0.08409414,-0.45207128
156,strangers,Generate,LH_SMA,0.2625879,-0.056491025,0.23960279
156,strangers,Generate,LH_IPS,0.48188895,0.0715847,0.2011761
156,strangers,Generate,LH_TPJ,0.4266565,0.0008752782,-0.118404634
156,strangers,Generate,LH_PMC,0.46963102,-0.01638449,-0.095961824
156,strangers,Generate,RH_EAC,0.3289713,-0.07896134,0.50717807
156,strangers,Generate,RH_pSTG,0.45415866,0.055014543,0.31117857
156,strangers,Generate,RH_aSTG,0.43672705,0.025508802,0.3701198
156,strangers,Generate,RH_IFG,0.3713032,-0.01103412,-0.07301599
156,strangers,Generate,RH_FOP,0.32360363,0.021047711,0.37609494
156,strangers,Generate,RH_MFG,0.40067747,0.00038423785,0.07068726
156,strangers,Generate,RH_SM,0.4968775,0.040176068,-0.54889303
156,strangers,Generate,RH_SMA,0.30965647,-0.03649498,0.44458574
156,strangers,Generate,RH_IPS,0.4457981,0.07729062,-0.048146535
156,strangers,Generate,RH_TPJ,0.42608154,0.0745332,0.16999546
156,strangers,Generate,RH_PMC,0.4943499,0.016384287,-0.1515188
156,strangers,Read,LH_EAC,0.3962662,0.09695533,0.5927545
156,strangers,Read,LH_pSTG,0.40332958,0.051392097,0.43394092
156,strangers,Read,LH_aSTG,0.47467536,0.16714935,0.48514676
156,strangers,Read,LH_IFG,0.3830641,0.07170515,0.15870436
156,strangers,Read,LH_FOP,0.27582586,0.07947063,0.23708986
156,strangers,Read,LH_MFG,0.33627108,0.018942758,-0.025874976
156,strangers,Read,LH_SM,0.45665115,0.096295945,-0.44742355
156,strangers,Read,LH_SMA,0.3269865,0.061227936,0.3575556
156,strangers,Read,LH_IPS,0.48451963,0.021537691,0.18089019
156,strangers,Read,LH_TPJ,0.4368918,0.05431517,-0.11981239
156,strangers,Read,LH_PMC,0.45934874,-0.007821523,0.020998213
156,strangers,Read,RH_EAC,0.30252028,0.08505729,0.595943
156,strangers,Read,RH_pSTG,0.40310398,0.08119242,0.27825013
156,strangers,Read,RH_aSTG,0.44775337,0.090858504,0.48689994
156,strangers,Read,RH_IFG,0.35775763,0.0532212,-0.037661232
156,strangers,Read,RH_FOP,0.284307,0.08915094,0.38148966
156,strangers,Read,RH_MFG,0.3958279,0.011090915,0.14741647
156,strangers,Read,RH_SM,0.51304436,0.09391171,-0.48461127
156,strangers,Read,RH_SMA,0.31619436,0.06681252,0.47651154
156,strangers,Read,RH_IPS,0.4897627,0.08218135,-0.053805556
156,strangers,Read,RH_TPJ,0.46393526,0.0832827,0.11722284
156,strangers,Read,RH_PMC,0.5120423,0.029934615,-0.033632975
157,strangers,Generate,LH_EAC,0.45933455,-0.09754616,0.38956442
157,strangers,Generate,LH_pSTG,0.44095933,-0.03849551,-0.43976766
157,strangers,Generate,LH_aSTG,0.496234,-0.036573853,-0.11220293
157,strangers,Generate,LH_IFG,0.41644663,-0.07872601,0.1490868
157,strangers,Generate,LH_FOP,0.27862817,-0.042787544,0.4629882
157,strangers,Generate,LH_MFG,0.36360157,-0.041852552,-0.49729335
157,strangers,Generate,LH_SM,0.5591161,-0.04096825,-0.25739774
157,strangers,Generate,LH_SMA,0.3222997,-0.03495426,0.20106295
157,strangers,Generate,LH_IPS,0.5470144,0.02888204,-0.06809294
157,strangers,Generate,LH_TPJ,0.5192318,-0.051126275,-0.076286554
157,strangers,Generate,LH_PMC,0.5373274,-0.010679046,-0.634631
157,strangers,Generate,RH_EAC,0.38600716,-0.11511476,0.17256968
157,strangers,Generate,RH_pSTG,0.4419183,-0.019243855,-0.578159
157,strangers,Generate,RH_aSTG,0.5024239,-0.050826345,-0.042387683
157,strangers,Generate,RH_IFG,0.3907387,-0.07011789,-0.48541573
157,strangers,Generate,RH_FOP,0.30949742,-0.046209805,0.22568631
157,strangers,Generate,RH_MFG,0.31163865,-0.0071145864,-0.8613681
157,strangers,Generate,RH_SM,0.5004535,-0.07088685,-0.15324336
157,strangers,Generate,RH_SMA,0.28104597,-0.07094018,0.069405526
157,strangers,Generate,RH_IPS,0.48811597,0.04539158,-0.3151741
157,strangers,Generate,RH_TPJ,0.43988892,0.01308621,-0.15773307
157,strangers,Generate,RH_PMC,0.509581,-0.0030848498,-0.7484754
157,strangers,Read,LH_EAC,0.49223447,-0.07010106,0.37929296
157,strangers,Read,LH_pSTG,0.47745723,-0.049035754,-0.38332874
157,strangers,Read,LH_aSTG,0.5169201,-0.047691524,-0.0140033355
157,strangers,Read,LH_IFG,0.4560441,-0.08736532,0.08910467
157,strangers,Read,LH_FOP,0.3339107,-0.0058168103,0.32078966
157,strangers,Read,LH_MFG,0.39754993,-0.08569095,-0.39925835
157,strangers,Read,LH_SM,0.5663614,0.02516537,-0.19548468
157,strangers,Read,LH_SMA,0.36627263,-0.07496968,0.17943951
157,strangers,Read,LH_IPS,0.5595078,-0.008744727,-0.022454182
157,strangers,Read,LH_TPJ,0.5241575,-0.053706627,-0.07705917
157,strangers,Read,LH_PMC,0.54292786,-0.019820685,-0.6231965
157,strangers,Read,RH_EAC,0.40673742,-0.065235294,0.17371944
157,strangers,Read,RH_pSTG,0.45028967,-0.012429752,-0.51318574
157,strangers,Read,RH_aSTG,0.5260165,-0.056652844,0.07189056
157,strangers,Read,RH_IFG,0.41804552,-0.035046797,-0.4111915
157,strangers,Read,RH_FOP,0.34553128,-0.023899473,0.13798617
157,strangers,Read,RH_MFG,0.3640065,-0.06866536,-0.8305659
157,strangers,Read,RH_SM,0.51264495,0.017505987,-0.05295765
157,strangers,Read,RH_SMA,0.32201016,-0.06458728,0.03340588
157,strangers,Read,RH_IPS,0.5190637,-0.021950034,-0.24938612
157,strangers,Read,RH_TPJ,0.4454192,-0.0030267977,-0.10030322
157,strangers,Read,RH_PMC,0.50162953,0.0065001366,-0.7264384
158,strangers,Generate,LH_EAC,0.3521074,0.06940015,0.5368246
158,strangers,Generate,LH_pSTG,0.40478563,0.09117976,-0.16617912
158,strangers,Generate,LH_aSTG,0.45603347,0.07437371,0.4341015
158,strangers,Generate,LH_IFG,0.32764378,0.082817554,-0.08981471
158,strangers,Generate,LH_FOP,0.35863268,0.05182284,0.42013684
158,strangers,Generate,LH_MFG,0.35873622,0.049283773,-0.5854284
158,strangers,Generate,LH_SM,0.4864468,0.0012758456,-0.33460274
158,strangers,Generate,LH_SMA,0.24740908,0.018710727,-0.65717584
158,strangers,Generate,LH_IPS,0.49307087,0.07525659,-0.120473765
158,strangers,Generate,LH_TPJ,0.37296307,0.083934024,0.36737794
158,strangers,Generate,LH_PMC,0.516162,0.10147638,0.48221627
158,strangers,Generate,RH_EAC,0.4185861,0.0524693,0.6067987
158,strangers,Generate,RH_pSTG,0.43608338,0.11192329,-0.0019248095
158,strangers,Generate,RH_aSTG,0.48690164,0.048758984,0.47883582
158,strangers,Generate,RH_IFG,0.46796358,0.18067634,0.3704928
158,strangers,Generate,RH_FOP,0.40108395,0.10840734,0.35813925
158,strangers,Generate,RH_MFG,0.3749637,0.14355949,-0.30644384
158,strangers,Generate,RH_SM,0.47209695,-0.01731676,-0.35233754
158,strangers,Generate,RH_SMA,0.24561033,0.082301274,-0.58831084
158,strangers,Generate,RH_IPS,0.49879006,0.039438363,-0.1360825
158,strangers,Generate,RH_TPJ,0.4224586,0.12387941,0.33643183
158,strangers,Generate,RH_PMC,0.5082786,0.078444,0.50022775
158,strangers,Read,LH_EAC,0.3638844,0.05670609,0.52285266
158,strangers,Read,LH_pSTG,0.44056678,0.0156077845,-0.222922
158,strangers,Read,LH_aSTG,0.52678096,0.11489285,0.48339757
158,strangers,Read,LH_IFG,0.37520927,-0.022640055,-0.14075671
158,strangers,Read,LH_FOP,0.35211766,0.010816246,0.35917684
158,strangers,Read,LH_MFG,0.38806868,-0.047949314,-0.6342584
158,strangers,Read,LH_SM,0.51014,-0.005780762,-0.43682942
158,strangers,Read,LH_SMA,0.27514502,0.03137187,-0.60798293
158,strangers,Read,LH_IPS,0.54373354,-0.04877032,-0.12850839
158,strangers,Read,LH_TPJ,0.433569,-0.002684612,0.45168313
158,strangers,Read,LH_PMC,0.48673987,-0.046739694,0.45196453
158,strangers,Read,RH_EAC,0.44762164,0.038740527,0.55281013
158,strangers,Read,RH_pSTG,0.459298,-0.002154635,-0.15667473
158,strangers,Read,RH_aSTG,0.560722,0.07085578,0.5137502
158,strangers,Read,RH_IFG,0.41051114,-0.026053201,0.17296931
158,strangers,Read,RH_FOP,0.3631004,0.008206506,0.35452133
158,strangers,Read,RH_MFG,0.41524255,-0.02322015,-0.3316027
158,strangers,Read,RH_SM,0.5245869,0.00954741,-0.4289001
158,strangers,Read,RH_SMA,0.31316346,0.043139137,-0.6001676
158,strangers,Read,RH_IPS,0.55158055,-0.052374016,-0.104729585
158,strangers,Read,RH_TPJ,0.4541568,-0.0021465449,0.31864837
158,strangers,Read,RH_PMC,0.5049214,-0.024483083,0.45818642
163,strangers,Generate,LH_EAC,0.44945756,0.09430529,0.9193527
163,strangers,Generate,LH_pSTG,0.39930323,0.062205415,0.3010879
163,strangers,Generate,LH_aSTG,0.4642746,0.030195259,0.72707766
163,strangers,Generate,LH_IFG,0.39976948,-0.054058664,0.2229123
163,strangers,Generate,LH_FOP,0.44729012,0.07889884,0.44868317
163,strangers,Generate,LH_MFG,0.40915856,0.07797606,-0.46668682
163,strangers,Generate,LH_SM,0.4716742,0.094575666,0.16335396
163,strangers,Generate,LH_SMA,0.21740064,0.07811077,-0.11088899
163,strangers,Generate,LH_IPS,0.54436326,-0.017865706,-0.1483535
163,strangers,Generate,LH_TPJ,0.49290696,0.044859115,-0.005272645
163,strangers,Generate,LH_PMC,0.5099094,0.050544728,0.57522565
163,strangers,Generate,RH_EAC,0.4097398,0.049603853,0.935864
163,strangers,Generate,RH_pSTG,0.42838344,0.14583224,0.13594928
163,strangers,Generate,RH_aSTG,0.5121305,0.08488481,0.6683151
163,strangers,Generate,RH_IFG,0.41001174,-0.032634098,-0.08126197
163,strangers,Generate,RH_FOP,0.44191456,0.09192449,0.49026227
163,strangers,Generate,RH_MFG,0.3778913,0.1048684,-0.42634013
163,strangers,Generate,RH_SM,0.4696356,0.041264404,0.5160922
163,strangers,Generate,RH_SMA,0.29453772,0.065246046,-0.043037213
163,strangers,Generate,RH_IPS,0.49125773,-0.0025336612,-0.24153766
163,strangers,Generate,RH_TPJ,0.48669732,-0.018460764,0.15309173
163,strangers,Generate,RH_PMC,0.49549586,0.059480865,0.34356216
163,strangers,Read,LH_EAC,0.46568263,0.12005312,0.9222989
163,strangers,Read,LH_pSTG,0.41096616,0.020066174,0.4918901
163,strangers,Read,LH_aSTG,0.53390574,0.17237766,0.84281385
163,strangers,Read,LH_IFG,0.4190956,0.031562228,0.3740634
163,strangers,Read,LH_FOP,0.46483213,0.023050997,0.43465912
163,strangers,Read,LH_MFG,0.44780737,-0.04840634,-0.51219034
163,strangers,Read,LH_SM,0.42697704,0.06626514,0.15370847
163,strangers,Read,LH_SMA,0.27871013,0.03718977,-0.015056338
163,strangers,Read,LH_IPS,0.53189635,0.037439138,-0.09832569
163,strangers,Read,LH_TPJ,0.51206154,-0.018224081,0.040728435
163,strangers,Read,LH_PMC,0.5046335,0.056126717,0.55861413
163,strangers,Read,RH_EAC,0.4309881,0.06788951,0.9301389
163,strangers,Read,RH_pSTG,0.39782092,0.06264861,0.117517605
163,strangers,Read,RH_aSTG,0.51755655,0.13580401,0.73946255
163,strangers,Read,RH_IFG,0.38479558,0.04036933,-0.105406865
163,strangers,Read,RH_FOP,0.4420811,0.021498447,0.5232848
163,strangers,Read,RH_MFG,0.38725895,0.04323287,-0.4727188
163,strangers,Read,RH_SM,0.4393611,0.044616885,0.44426316
163,strangers,Read,RH_SMA,0.34686345,0.0689017,-0.103306234
163,strangers,Read,RH_IPS,0.500985,0.050216865,-0.18914634
163,strangers,Read,RH_TPJ,0.4919017,0.07970781,0.24876137
163,strangers,Read,RH_PMC,0.48871875,0.066434845,0.28143576
174,strangers,Generate,LH_EAC,0.43421233,0.044449214,0.82538635
174,strangers,Generate,LH_pSTG,0.37949246,-0.001188357,0.7580322
174,strangers,Generate,LH_aSTG,0.40354043,-0.014370513,0.74222994
174,strangers,Generate,LH_IFG,0.33016866,-0.050487593,0.72966254
174,strangers,Generate,LH_FOP,0.32914937,0.04297968,0.55421954
174,strangers,Generate,LH_MFG,0.33580768,-0.015381901,0.6196955
174,strangers,Generate,LH_SM,0.46103615,0.039810635,-0.0906343
174,strangers,Generate,LH_SMA,0.34884134,0.030302517,0.22314046
174,strangers,Generate,LH_IPS,0.51464707,-0.012159648,0.53612685
174,strangers,Generate,LH_TPJ,0.40008327,0.03008638,0.18623944
174,strangers,Generate,LH_PMC,0.50305545,0.029594712,-0.25339967
174,strangers,Generate,RH_EAC,0.3831157,0.0037702962,0.62828696
174,strangers,Generate,RH_pSTG,0.37742868,0.046362814,0.6815494
174,strangers,Generate,RH_aSTG,0.4062757,-0.022810416,0.6449773
174,strangers,Generate,RH_IFG,0.30727226,-0.050562337,0.36857855
174,strangers,Generate,RH_FOP,0.32375675,0.037305936,0.660861
174,strangers,Generate,RH_MFG,0.33776867,-0.00306982,0.53533924
174,strangers,Generate,RH_SM,0.37086368,0.028497266,-0.63586396
174,strangers,Generate,RH_SMA,0.30667004,0.009465926,0.18072832
174,strangers,Generate,RH_IPS,0.4757349,0.011177723,0.5011178
174,strangers,Generate,RH_TPJ,0.3647186,0.02428522,0.15688156
174,strangers,Generate,RH_PMC,0.5261555,0.040998273,-0.12585825
174,strangers,Read,LH_EAC,0.42284662,0.026131967,0.8585144
174,strangers,Read,LH_pSTG,0.3335957,-0.047967464,0.7574867
174,strangers,Read,LH_aSTG,0.4330712,0.027326517,0.773802
174,strangers,Read,LH_IFG,0.37078208,0.022134569,0.7095319
174,strangers,Read,LH_FOP,0.3156941,-0.029757205,0.5866298
174,strangers,Read,LH_MFG,0.35013205,-0.029579986,0.58968395
174,strangers,Read,LH_SM,0.4589212,0.05852993,-0.0014459196
174,strangers,Read,LH_SMA,0.3507445,-0.059758697,0.26761335
174,strangers,Read,LH_IPS,0.5200745,-0.024677716,0.56015056
174,strangers,Read,LH_TPJ,0.4214852,0.009666427,0.20564868
174,strangers,Read,LH_PMC,0.5538006,0.028190909,-0.27847838
174,strangers,Read,RH_EAC,0.40416414,0.0014846547,0.66426104
174,strangers,Read,RH_pSTG,0.35125744,-0.011968081,0.6452502
174,strangers,Read,RH_aSTG,0.42456627,-0.04905519,0.6828466
174,strangers,Read,RH_IFG,0.30045548,-0.007647705,0.33514938
174,strangers,Read,RH_FOP,0.30599645,0.019002805,0.6293913
174,strangers,Read,RH_MFG,0.31971806,0.040712357,0.509023
174,strangers,Read,RH_SM,0.3765337,0.033508323,-0.6252602
174,strangers,Read,RH_SMA,0.30309406,-0.030889843,0.16944438
174,strangers,Read,RH_IPS,0.45659578,-0.06811302,0.4775725
174,strangers,Read,RH_TPJ,0.39990407,0.028592708,0.21205865
174,strangers,Read,RH_PMC,0.54968864,0.030908236,-0.13860875
109,friends,Generate,LH_EAC,0.4896111,0.049355444,0.72668546
109,friends,Generate,LH_pSTG,0.4769659,0.048914574,0.45986557
109,friends,Generate,LH_aSTG,0.46048355,-0.014563975,0.82109743
109,friends,Generate,LH_IFG,0.497526,-0.00056055497,0.12580934
109,friends,Generate,LH_FOP,0.4312033,0.11102747,0.6468754
109,friends,Generate,LH_MFG,0.4345235,0.052767955,0.21623652
109,friends,Generate,LH_SM,0.5536638,-0.033745676,0.06978198
109,friends,Generate,LH_SMA,0.38956007,0.014145255,0.5242337
109,friends,Generate,LH_IPS,0.53187525,0.050902747,0.008308236
109,friends,Generate,LH_TPJ,0.46468732,-0.029653875,0.57292235
109,friends,Generate,LH_PMC,0.5396006,-0.044962242,0.7842072
109,friends,Generate,RH_EAC,0.50209713,0.064301334,0.42004585
109,friends,Generate,RH_pSTG,0.4926787,0.11464593,0.621394
109,friends,Generate,RH_aSTG,0.48622876,0.09297686,0.8928159
109,friends,Generate,RH_IFG,0.50093925,0.083048835,0.5142019
109,friends,Generate,RH_FOP,0.40110782,0.14787702,0.47684172
109,friends,Generate,RH_MFG,0.43882954,0.060799014,-0.018993963
109,friends,Generate,RH_SM,0.5693543,-0.04040823,-0.4232007
109,friends,Generate,RH_SMA,0.39139917,0.065653525,0.28891402
109,friends,Generate,RH_IPS,0.48625308,0.033722244,0.24874568
109,friends,Generate,RH_TPJ,0.4161176,0.013204193,0.7749355
109,friends,Generate,RH_PMC,0.50670576,0.0019264107,0.74696493
109,friends,Read,LH_EAC,0.47895706,0.08415284,0.7768925
109,friends,Read,LH_pSTG,0.4693027,0.03609271,0.42127284
109,friends,Read,LH_aSTG,0.5216991,0.13746467,0.8142746
109,friends,Read,LH_IFG,0.4648475,0.028887961,0.051688403
109,friends,Read,LH_FOP,0.39292425,0.019140627,0.6248313
109,friends,Read,LH_MFG,0.41220945,-0.04114702,0.07772389
109,friends,Read,LH_SM,0.56306803,0.029878994,0.042922948
109,friends,Read,LH_SMA,0.37562996,0.042768855,0.44870165
109,friends,Read,LH_IPS,0.539372,-0.049412318,-0.05282857
109,friends,Read,LH_TPJ,0.4852975,0.04466949,0.52692944
109,friends,Read,LH_PMC,0.5322505,-0.007344497,0.7507265
109,friends,Read,RH_EAC,0.50668734,0.12171613,0.52213913
109,friends,Read,RH_pSTG,0.46218523,0.05149411,0.49534854
109,friends,Read,RH_aSTG,0.5299989,0.16319403,0.8801816
109,friends,Read,RH_IFG,0.4708593,0.04299564,0.5370046
109,friends,Read,RH_FOP,0.37175447,0.08464034,0.41515237
109,friends,Read,RH_MFG,0.43131748,0.0436169,-0.02215383
109,friends,Read,RH_SM,0.55595917,0.03597341,-0.36637744
109,friends,Read,RH_SMA,0.38994104,0.053602863,0.18785474
109,friends,Read,RH_IPS,0.45922363,0.0157494,0.14541616
109,friends,Read,RH_TPJ,0.40539938,-0.024922887,0.77492344
109,friends,Read,RH_PMC,0.4774692,-0.005345932,0.6841306
113,friends,Generate,LH_EAC,0.44178668,0.10653655,0.3282601
113,friends,Generate,LH_pSTG,0.39977378,0.045499474,0.58171624
113,friends,Generate,LH_aSTG,0.47033727,0.028920563,0.50084
113,friends,Generate,LH_IFG,0.34875757,-0.0031211919,0.01217931
113,friends,Generate,LH_FOP,0.38265842,0.009102824,-0.11371885
113,friends,Generate,LH_MFG,0.35311803,0.005547903,0.14642097
113,friends,Generate,LH_SM,0.41399527,0.07277688,-0.36664575
113,friends,Generate,LH_SMA,0.31821346,0.032742042,-0.20043935
113,friends,Generate,LH_IPS,0.47091818,-0.0061388672,0.6892541
113,friends,Generate,LH_TPJ,0.4651323,0.025430003,-0.052805427
113,friends,Generate,LH_PMC,0.49429592,0.044049386,0.49670175
113,friends,Generate,RH_EAC,0.43280977,0.05900896,0.35011593
113,friends,Generate,RH_pSTG,0.37615862,0.032976553,0.738803
113,friends,Generate,RH_aSTG,0.43352863,0.009571535,0.42061278
113,friends,Generate,RH_IFG,0.38212258,0.0669525,0.59139013
113,friends,Generate,RH_FOP,0.37046075,0.001649059,-0.06891476
113,friends,Generate,RH_MFG,0.3870616,0.0315162,0.52575463
113,friends,Generate,RH_SM,0.40403655,0.046222188,-0.49976352
113,friends,Generate,RH_SMA,0.35586,0.07646917,0.33231318
113,friends,Generate,RH_IPS,0.40036058,-0.023851307,0.5368945
113,friends,Generate,RH_TPJ,0.4413545,0.036224414,0.23888674
113,friends,Generate,RH_PMC,0.48424703,0.016988823,0.7114111
113,friends,Read,LH_EAC,0.46511662,0.07262795,0.33469722
113,friends,Read,LH_pSTG,0.40093282,0.034149345,0.47544715
113,friends,Read,LH_aSTG,0.50560296,0.06524195,0.5139905
113,friends,Read,LH_IFG,0.4213512,-0.0052319667,0.13863654
113,friends,Read,LH_FOP,0.38454226,0.037188247,-0.18422747
113,friends,Read,LH_MFG,0.33598793,-0.04404639,0.111609615
113,friends,Read,LH_SM,0.44724256,-0.024174415,-0.4694723
113,friends,Read,LH_SMA,0.35273865,-0.02223331,-0.14053288
113,friends,Read,LH_IPS,0.49655908,0.033666804,0.7181121
113,friends,Read,LH_TPJ,0.48876828,0.050346337,-0.07565192
113,friends,Read,LH_PMC,0.5198271,0.011025539,0.4868
113,friends,Read,RH_EAC,0.460713,0.07347622,0.3566049
113,friends,Read,RH_pSTG,0.38605586,0.040000636,0.6858534
113,friends,Read,RH_aSTG,0.48180762,0.057181045,0.4561356
113,friends,Read,RH_IFG,0.40719718,0.034638207,0.62286067
113,friends,Read,RH_FOP,0.39763638,0.01090777,-0.095398694
113,friends,Read,RH_MFG,0.39167,0.015596565,0.46552268
113,friends,Read,RH_SM,0.43870264,-0.07358372,-0.57517034
113,friends,Read,RH_SMA,0.37058836,-0.046170324,0.2478104
113,friends,Read,RH_IPS,0.4088837,-0.01603948,0.5805641
113,friends,Read,RH_TPJ,0.4713853,0.056144487,0.19638811
113,friends,Read,RH_PMC,0.50926566,0.012114299,0.7124394
121,friends,Generate,LH_EAC,0.4464147,0.007099953,0.42197773
121,friends,Generate,LH_pSTG,0.39746988,-0.03818079,0.491816
121,friends,Generate,LH_aSTG,0.42696068,-0.05502802,0.6909778
121,friends,Generate,LH_IFG,0.34131008,-0.045274045,0.8196971
121,friends,Generate,LH_FOP,0.3267105,0.022510856,0.8105607
121,friends,Generate,LH_MFG,0.36834052,-0.02831023,0.67871594
121,friends,Generate,LH_SM,0.4487663,-0.01673217,0.5607045
121,friends,Generate,LH_SMA,0.32755575,-0.026960287,0.8735041
121,friends,Generate,LH_IPS,0.52447337,-0.0006324373,0.32403705
121,friends,Generate,LH_TPJ,0.44548547,-0.013144949,0.3895844
121,friends,Generate,LH_PMC,0.49439514,-0.0010582822,0.5941493
121,friends,Generate,RH_EAC,0.4135085,0.0048882067,0.5049688
121,friends,Generate,RH_pSTG,0.4332322,0.09745877,0.5510695
121,friends,Generate,RH_aSTG,0.42612913,0.01075862,0.70673025
121,friends,Generate,RH_IFG,0.3514697,8.477928e-05,0.67968446
121,friends,Generate,RH_FOP,0.32434458,0.02668135,0.70809484
121,friends,Generate,RH_MFG,0.35255015,0.036535297,0.695565
121,friends,Generate,RH_SM,0.43072563,-0.047746897,0.7314181
121,friends,Generate,RH_SMA,0.34862453,0.006875671,0.73057747
121,friends,Generate,RH_IPS,0.44229764,-0.0113621745,0.6695863
121,friends,Generate,RH_TPJ,0.42898065,0.03794656,0.67690086
121,friends,Generate,RH_PMC,0.50359124,0.013116626,0.8226911
121,friends,Read,LH_EAC,0.45056325,0.0951059,0.4894861
121,friends,Read,LH_pSTG,0.4411465,-0.009848539,0.5302979
121,friends,Read,LH_aSTG,0.45606858,0.021622078,0.7394648
121,friends,Read,LH_IFG,0.35702828,-0.0026707165,0.8347194
121,friends,Read,LH_FOP,0.31171244,-0.016513543,0.7293331
121,friends,Read,LH_MFG,0.3422305,-0.026440611,0.6219547
121,friends,Read,LH_SM,0.47196984,0.040330917,0.51818
121,friends,Read,LH_SMA,0.35337603,0.016411204,0.83963054
121,friends,Read,LH_IPS,0.5148704,-0.07551826,0.21698439
121,friends,Read,LH_TPJ,0.43298364,0.0367693,0.29170766
121,friends,Read,LH_PMC,0.5113789,-0.0051005906,0.52084917
121,friends,Read,RH_EAC,0.4386648,0.054883074,0.5099278
121,friends,Read,RH_pSTG,0.44787806,0.044013895,0.503114
121,friends,Read,RH_aSTG,0.42665675,0.018814603,0.62886363
121,friends,Read,RH_IFG,0.37944704,0.012169014,0.6145455
121,friends,Read,RH_FOP,0.33348292,-0.025769275,0.6566165
121,friends,Read,RH_MFG,0.35360527,-0.013804451,0.6010117
121,friends,Read,RH_SM,0.44239977,-0.022756504,0.6917309
121,friends,Read,RH_SMA,0.3806284,0.014030589,0.6503025
121,friends,Read,RH_IPS,0.44674778,-0.043394394,0.6300285
121,friends,Read,RH_TPJ,0.41186905,-0.008882911,0.6415136
121,friends,Read,RH_PMC,0.49244684,-0.019851906,0.79252774
127,friends,Generate,LH_EAC,0.46782285,0.042290177,0.42459294
127,friends,Generate,LH_pSTG,0.46327835,0.027014995,0.28281033
127,friends,Generate,LH_aSTG,0.4815637,0.00956193,0.37157053
127,friends,Generate,LH_IFG,0.45085472,0.016332932,-0.19268452
127,friends,Generate,LH_FOP,0.41036326,0.071286626,0.59331924
127,friends,Generate,LH_MFG,0.37335485,0.082565814,-0.42779353
127,friends,Generate,LH_SM,0.5544617,0.0568348,-0.20099553
127,friends,Generate,LH_SMA,0.44134727,0.043776188,-0.09869998
127,friends,Generate,LH_IPS,0.5378926,0.0063505457,0.007411935
127,friends,Generate,LH_TPJ,0.51244944,-0.009368783,0.057260714
127,friends,Generate,LH_PMC,0.5694202,-0.011945267,0.047229387
127,friends,Generate,RH_EAC,0.44626552,0.04818141,0.23863353
127,friends,Generate,RH_pSTG,0.46723887,0.049819045,0.32653144
127,friends,Generate,RH_aSTG,0.4878177,0.04310842,-0.015640093
127,friends,Generate,RH_IFG,0.46369523,-0.004775359,-0.035426773
127,friends,Generate,RH_FOP,0.39397115,0.0028637957,0.59349775
127,friends,Generate,RH_MFG,0.38010392,-0.019035507,-0.46321747
127,friends,Generate,RH_SM,0.48900813,0.020134192,-0.14296912
127,friends,Generate,RH_SMA,0.47588044,0.03844107,-0.4068749
127,friends,Generate,RH_IPS,0.50871307,-0.0047719562,0.44900495
127,friends,Generate,RH_TPJ,0.52342814,0.0010059575,-0.12990895
127,friends,Generate,RH_PMC,0.5631482,-0.0121699,-0.17339924
127,friends,Read,LH_EAC,0.4558004,0.081892446,0.47386652
127,friends,Read,LH_pSTG,0.47248107,0.009281975,0.34078953
127,friends,Read,LH_aSTG,0.50397176,0.04758821,0.45069838
127,friends,Read,LH_IFG,0.46579123,-0.004024421,-0.1619018
127,friends,Read,LH_FOP,0.36403126,0.012307628,0.6712743
127,friends,Read,LH_MFG,0.3477561,0.1298043,-0.4028152
127,friends,Read,LH_SM,0.5175595,0.05769276,-0.22628573
127,friends,Read,LH_SMA,0.42138356,0.013580796,0.0073567936
127,friends,Read,LH_IPS,0.54894245,-0.014843349,-0.04121296
127,friends,Read,LH_TPJ,0.51363385,0.017404165,0.09791222
127,friends,Read,LH_PMC,0.5858822,-0.04491898,0.035324108
127,friends,Read,RH_EAC,0.43231905,0.07472496,0.26133496
127,friends,Read,RH_pSTG,0.45756763,0.03896479,0.23477496
127,friends,Read,RH_aSTG,0.4925576,0.07656081,0.010673073
127,friends,Read,RH_IFG,0.43703488,0.024309697,-0.1117931
127,friends,Read,RH_FOP,0.3418728,0.0209564,0.6880771
127,friends,Read,RH_MFG,0.34905913,-0.021889025,-0.43854818
127,friends,Read,RH_SM,0.5039176,0.012782288,-0.11612917
127,friends,Read,RH_SMA,0.45837647,0.00029419374,-0.33429053
127,friends,Read,RH_IPS,0.52940917,-0.0188124,0.39360896
127,friends,Read,RH_TPJ,0.52234477,-0.006407846,-0.16222928
127,friends,Read,RH_PMC,0.591328,-0.010856665,-0.24991958
130,friends,Generate,LH_EAC,0.42456615,0.018628465,0.7490128
130,friends,Generate,LH_pSTG,0.47262606,-0.0100922575,0.18492202
130,friends,Generate,LH_aSTG,0.47968906,0.054631673,0.7825789
130,friends,Generate,LH_IFG,0.36011297,-0.08619797,0.21666433
130,friends,Generate,LH_FOP,0.2697602,0.002266897,-0.0792492
130,friends,Generate,LH_MFG,0.4153977,-0.017586902,-0.024612337
130,friends,Generate,LH_SM,0.54686975,-0.068264656,-0.3250785
130,friends,Generate,LH_SMA,0.39508823,-0.035493318,-0.26081938
130,friends,Generate,LH_IPS,0.50618005,-0.008331844,-0.16788192
130,friends,Generate,LH_TPJ,0.47322005,0.044115257,-0.39130086
130,friends,Generate,LH_PMC,0.54919034,0.014601335,-0.3948528
130,friends,Generate,RH_EAC,0.43458626,-0.032484632,0.57842195
130,friends,Generate,RH_pSTG,0.44630575,0.03106453,0.1227522
130,friends,Generate,RH_aSTG,0.5087134,0.06143073,0.5363649
130,friends,Generate,RH_IFG,0.37629092,-0.08437196,0.14477217
130,friends,Generate,RH_FOP,0.27314615,-0.02765735,-0.22548185
130,friends,Generate,RH_MFG,0.40616256,0.018821802,0.15508017
130,friends,Generate,RH_SM,0.540254,-0.062713385,0.2301586
130,friends,Generate,RH_SMA,0.38105518,-0.028789265,-0.24344967
130,friends,Generate,RH_IPS,0.51316917,-0.0018763338,-0.15274602
130,friends,Generate,RH_TPJ,0.37433973,0.07775826,-0.7454676
130,friends,Generate,RH_PMC,0.53893065,0.009568617,-0.4543502
130,friends,Read,LH_EAC,0.49779862,0.14781283,0.80280924
130,friends,Read,LH_pSTG,0.5366931,0.07211052,0.33054027
130,friends,Read,LH_aSTG,0.5638907,0.11357059,0.8271057
130,friends,Read,LH_IFG,0.43014842,0.022471623,0.3696865
130,friends,Read,LH_FOP,0.34014982,0.021046892,-0.0390803
130,friends,Read,LH_MFG,0.44797605,-0.029320337,0.01605206
130,friends,Read,LH_SM,0.5365546,-0.016363982,-0.29478225
130,friends,Read,LH_SMA,0.44085538,0.03819769,-0.16216429
130,friends,Read,LH_IPS,0.5110103,0.030752439,-0.20172472
130,friends,Read,LH_TPJ,0.5043996,-0.051370762,-0.3603313
130,friends,Read,LH_PMC,0.5629883,-0.0025186138,-0.43315104
130,friends,Read,RH_EAC,0.51592684,0.09949461,0.6729214
130,friends,Read,RH_pSTG,0.49213278,0.06329496,0.21212047
130,friends,Read,RH_aSTG,0.5622877,0.09705615,0.62734896
130,friends,Read,RH_IFG,0.411961,0.03153041,0.23958355
130,friends,Read,RH_FOP,0.32334656,0.04408646,-0.16056511
130,friends,Read,RH_MFG,0.4324903,0.033500534,0.2986401
130,friends,Read,RH_SM,0.5425539,-0.036517832,0.24765858
130,friends,Read,RH_SMA,0.3938622,0.023233151,-0.15509327
130,friends,Read,RH_IPS,0.52415603,0.06107403,-0.16405721
130,friends,Read,RH_TPJ,0.41314474,0.026004143,-0.7405293
130,friends,Read,RH_PMC,0.56121194,0.005697133,-0.46206522
134,friends,Generate,LH_EAC,0.54238755,0.12611866,0.8022674
134,friends,Generate,LH_pSTG,0.3846001,0.104644835,-0.38647395
134,friends,Generate,LH_aSTG,0.4858197,0.07172162,-0.11351769
134,friends,Generate,LH_IFG,0.36163756,-0.058275975,-0.5287354
134,friends,Generate,LH_FOP,0.4083637,-0.0047796713,-0.13334371
134,friends,Generate,LH_MFG,0.36849645,0.0069155926,-0.43200755
134,friends,Generate,LH_SM,0.55367285,-0.0045896284,-0.23707381
134,friends,Generate,LH_SMA,0.31150484,-0.035690196,-0.6882788
134,friends,Generate,LH_IPS,0.48229286,0.06444065,0.23376058
134,friends,Generate,LH_TPJ,0.3731286,-0.08618431,-0.7451927
134,friends,Generate,LH_PMC,0.53414255,0.035328235,-0.19427729
134,friends,Generate,RH_EAC,0.55449426,0.09457351,0.6457265
134,friends,Generate,RH_pSTG,0.4939267,0.13354619,-0.0376946
134,friends,Generate,RH_aSTG,0.53872156,0.084433965,0.3280536
134,friends,Generate,RH_IFG,0.37395453,-0.008729733,-0.5598883
134,friends,Generate,RH_FOP,0.34369367,0.03611203,-0.40091884
134,friends,Generate,RH_MFG,0.40279433,0.119045794,-0.102962546
134,friends,Generate,RH_SM,0.54415405,-0.024123723,0.12154601
134,friends,Generate,RH_SMA,0.39285612,0.007623348,-0.24931414
134,friends,Generate,RH_IPS,0.49065262,0.083565325,0.20783658
134,friends,Generate,RH_TPJ,0.43301862,0.017847251,-0.33484435
134,friends,Generate,RH_PMC,0.49762458,0.05785017,-0.38478434
134,friends,Read,LH_EAC,0.5393723,0.07246245,0.7943392
134,friends,Read,LH_pSTG,0.41435575,0.0061471006,-0.3824163
134,friends,Read,LH_aSTG,0.49655604,0.071216375,-0.0030397633
134,friends,Read,LH_IFG,0.36516398,0.022708803,-0.49208805
134,friends,Read,LH_FOP,0.37626457,-0.009242087,-0.18408106
134,friends,Read,LH_MFG,0.35296795,0.009359607,-0.39668876
134,friends,Read,LH_SM,0.55861664,0.015516143,-0.1711039
134,friends,Read,LH_SMA,0.29660362,-0.025461333,-0.690239
134,friends,Read,LH_IPS,0.4528129,-0.030355861,0.19030479
134,friends,Read,LH_TPJ,0.39042252,0.028213179,-0.6755018
134,friends,Read,LH_PMC,0.49871653,-0.06127764,-0.2422274
134,friends,Read,RH_EAC,0.54056484,0.06331223,0.64619803
134,friends,Read,RH_pSTG,0.48464608,-0.019924274,-0.18183516
134,friends,Read,RH_aSTG,0.50145,0.021230964,0.3432924
134,friends,Read,RH_IFG,0.34667075,0.030044578,-0.59897625
134,friends,Read,RH_FOP,0.3134257,0.013777246,-0.405992
134,friends,Read,RH_MFG,0.38296384,0.035549402,-0.24283077
134,friends,Read,RH_SM,0.5502745,0.032066695,0.15895098
134,friends,Read,RH_SMA,0.35996288,0.018995928,-0.35110584
134,friends,Read,RH_IPS,0.47597763,0.018309643,0.20832244
134,friends,Read,RH_TPJ,0.42312366,-0.040421143,-0.28097123
134,friends,Read,RH_PMC,0.48459685,-0.055049725,-0.41580433
145,friends,Generate,LH_EAC,0.41800088,0.06268526,-0.019552566
145,friends,Generate,LH_pSTG,0.4782136,0.08416722,0.3684077
145,friends,Generate,LH_aSTG,0.50286937,0.089013636,0.64983344
145,friends,Generate,LH_IFG,0.4031132,0.028106198,0.085227184
145,friends,Generate,LH_FOP,0.3359248,0.026409017,0.42207238
145,friends,Generate,LH_MFG,0.4016852,0.055417906,-0.26320872
145,friends,Generate,LH_SM,0.5197573,0.0054824897,0.12771632
145,friends,Generate,LH_SMA,0.36503726,0.012631217,0.4042802
145,friends,Generate,LH_IPS,0.5008706,0.035053957,-0.2999372
145,friends,Generate,LH_TPJ,0.47477978,0.059248015,0.32608598
145,friends,Generate,LH_PMC,0.58078194,0.028230926,0.11126707
145,friends,Generate,RH_EAC,0.41123927,0.018682536,-0.13498183
145,friends,Generate,RH_pSTG,0.51364416,0.120351955,0.16049634
145,friends,Generate,RH_aSTG,0.536161,0.07868764,0.42275897
145,friends,Generate,RH_IFG,0.47684225,0.05905525,0.030615188
145,friends,Generate,RH_FOP,0.34910437,0.06264041,0.41000044
145,friends,Generate,RH_MFG,0.44425747,0.0077142697,0.113779694
145,friends,Generate,RH_SM,0.4918347,-0.014406813,-0.22279572
145,friends,Generate,RH_SMA,0.446155,0.070811406,0.5530203
145,friends,Generate,RH_IPS,0.4801865,0.01533702,-0.32260853
145,friends,Generate,RH_TPJ,0.4423455,0.08159208,0.19770244
145,friends,Generate,RH_PMC,0.5523288,0.033683617,0.15110037
145,friends,Read,LH_EAC,0.40601313,0.20202781,0.1346843
145,friends,Read,LH_pSTG,0.45504785,0.028310215,0.29726505
145,friends,Read,LH_aSTG,0.52113265,0.11559001,0.71157855
145,friends,Read,LH_IFG,0.398796,0.02836915,0.105397806
145,friends,Read,LH_FOP,0.34510165,0.036081064,0.22637111
145,friends,Read,LH_MFG,0.37444764,-0.029064314,-0.35239744
145,friends,Read,LH_SM,0.52746344,-0.020117331,0.06581224
145,friends,Read,LH_SMA,0.38358867,-0.006819594,0.3252455
145,friends,Read,LH_IPS,0.5329671,-0.024365183,-0.3128943
145,friends,Read,LH_TPJ,0.47914928,0.01974385,0.39300263
145,friends,Read,LH_PMC,0.5696653,0.00947015,0.22302832
145,friends,Read,RH_EAC,0.37086436,0.124698766,-0.02525506
145,friends,Read,RH_pSTG,0.5026717,0.08555714,0.01548574
145,friends,Read,RH_aSTG,0.5547084,0.06631968,0.4704478
145,friends,Read,RH_IFG,0.44086838,0.023587417,-0.0155025255
145,friends,Read,RH_FOP,0.3581204,0.030448828,0.1745856
145,friends,Read,RH_MFG,0.43201995,0.018461652,0.010090045
145,friends,Read,RH_SM,0.47882545,0.052834883,-0.26682788
145,friends,Read,RH_SMA,0.41057575,0.019368986,0.48187137
145,friends,Read,RH_IPS,0.48487616,0.01756856,-0.30625004
145,friends,Read,RH_TPJ,0.4644479,0.1294562,0.244789
145,friends,Read,RH_PMC,0.5520022,0.042604342,0.2926429
146,friends,Generate,LH_EAC,0.53023493,0.057407796,0.2777056
146,friends,Generate,LH_pSTG,0.5222662,0.028464338,0.20971344
146,friends,Generate,LH_aSTG,0.4634384,0.084186785,0.6792071
146,friends,Generate,LH_IFG,0.36580628,0.07932507,0.25693172
146,friends,Generate,LH_FOP,0.38370976,0.010405264,0.20913531
146,friends,Generate,LH_MFG,0.41611993,-0.017754912,0.30317485
146,friends,Generate,LH_SM,0.46890754,-0.056463305,0.37695655
146,friends,Generate,LH_SMA,0.3754369,-0.014015691,0.03823589
146,friends,Generate,LH_IPS,0.5578948,0.10295117,0.5183833
146,friends,Generate,LH_TPJ,0.4343803,0.062140208,-0.094967306
146,friends,Generate,LH_PMC,0.523087,0.0558938,0.6976086
146,friends,Generate,RH_EAC,0.46687037,0.12225162,0.105131015
146,friends,Generate,RH_pSTG,0.50701785,0.08798579,0.4401924
146,friends,Generate,RH_aSTG,0.48923087,0.07144448,0.75493056
146,friends,Generate,RH_IFG,0.37064564,-0.036738515,0.22165547
146,friends,Generate,RH_FOP,0.41521323,-0.009330356,0.272571
146,friends,Generate,RH_MFG,0.40255868,0.025160825,0.67162347
146,friends,Generate,RH_SM,0.46790248,-0.023170236,0.606653
146,friends,Generate,RH_SMA,0.35646728,0.044042252,0.68129873
146,friends,Generate,RH_IPS,0.5148078,0.052491345,0.38005576
146,friends,Generate,RH_TPJ,0.49402097,-0.01033741,0.37879592
146,friends,Generate,RH_PMC,0.51869845,0.054611627,0.70417607
146,friends,Read,LH_EAC,0.47666186,-0.04553064,0.27674702
146,friends,Read,LH_pSTG,0.46445465,-0.056893196,0.24062619
146,friends,Read,LH_aSTG,0.47179765,0.039241288,0.7082551
146,friends,Read,LH_IFG,0.34267622,0.027060032,0.41973573
146,friends,Read,LH_FOP,0.34331837,-0.03209527,0.23096645
146,friends,Read,LH_MFG,0.37693185,-0.056140963,0.30869752
146,friends,Read,LH_SM,0.39773324,-0.046976563,0.2876303
146,friends,Read,LH_SMA,0.3644467,0.023871506,0.078453034
146,friends,Read,LH_IPS,0.5337336,0.015264175,0.41724133
146,friends,Read,LH_TPJ,0.48225194,0.019748762,0.09406147
146,friends,Read,LH_PMC,0.48774737,0.008354428,0.66206914
146,friends,Read,RH_EAC,0.45589712,-0.030593826,0.08437368
146,friends,Read,RH_pSTG,0.43306756,-0.028124357,0.455163
146,friends,Read,RH_aSTG,0.46600375,-0.009475432,0.79318297
146,friends,Read,RH_IFG,0.3458201,-0.0006446345,0.30786487
146,friends,Read,RH_FOP,0.36551195,0.0015503124,0.22866192
146,friends,Read,RH_MFG,0.3892582,-0.018942848,0.6809896
146,friends,Read,RH_SM,0.39829654,-0.025977252,0.45860705
146,friends,Read,RH_SMA,0.3285449,0.041324805,0.6731868
146,friends,Read,RH_IPS,0.4845748,-0.007853475,0.21493222
146,friends,Read,RH_TPJ,0.49501508,-0.018842049,0.4139185
146,friends,Read,RH_PMC,0.47452295,-0.038297966,0.6311266
147,friends,Generate,LH_EAC,0.3748177,0.010572173,0.03225785
147,friends,Generate,LH_pSTG,0.39334887,-0.0396478,-0.29197717
147,friends,Generate,LH_aSTG,0.41652268,0.0052023903,0.12204206
147,friends,Generate,LH_IFG,0.39997184,0.013194072,0.61167127
147,friends,Generate,LH_FOP,0.30970436,-0.0027953472,0.8355155
147,friends,Generate,LH_MFG,0.38715953,-0.04281352,0.1807577
147,friends,Generate,LH_SM,0.4982671,-0.04329536,0.13613045
147,friends,Generate,LH_SMA,0.4234026,-0.04815433,-0.15654938
147,friends,Generate,LH_IPS,0.47862554,-0.030133316,-0.30729875
147,friends,Generate,LH_TPJ,0.40892443,-0.0027010315,-0.57903236
147,friends,Generate,LH_PMC,0.48082784,-0.03373935,-0.5543437
147,friends,Generate,RH_EAC,0.40985152,-0.04059368,-0.2970797
147,friends,Generate,RH_pSTG,0.36255836,-0.02268269,-0.69970137
147,friends,Generate,RH_aSTG,0.46299982,0.00631576,-0.32490185
147,friends,Generate,RH_IFG,0.39956236,-0.06507157,0.077333055
147,friends,Generate,RH_FOP,0.332777,0.007494329,0.61056316
147,friends,Generate,RH_MFG,0.43939972,-0.017449988,-0.04628868
147,friends,Generate,RH_SM,0.4774375,-0.07563562,0.27772072
147,friends,Generate,RH_SMA,0.46459246,-0.04629378,-0.43820328
147,friends,Generate,RH_IPS,0.44591343,0.055544324,-0.1789394
147,friends,Generate,RH_TPJ,0.401883,0.03206979,-0.474292
147,friends,Generate,RH_PMC,0.45654744,-0.022453748,-0.6657242
147,friends,Read,LH_EAC,0.34775546,-0.014477605,0.10638398
147,friends,Read,LH_pSTG,0.39700627,0.006031018,-0.2413353
147,friends,Read,LH_aSTG,0.4200601,0.018907648,0.17023857
147,friends,Read,LH_IFG,0.40823227,0.0010285556,0.5930362
147,friends,Read,LH_FOP,0.3517514,0.019644847,0.8367333
147,friends,Read,LH_MFG,0.3818549,-0.01866966,0.160698
147,friends,Read,LH_SM,0.4836378,0.03930821,0.17096551
147,friends,Read,LH_SMA,0.4450072,0.0364967,-0.08333624
147,friends,Read,LH_IPS,0.45283997,0.035909887,-0.32513627
147,friends,Read,LH_TPJ,0.4360643,0.05239364,-0.5538143
147,friends,Read,LH_PMC,0.44684696,0.04814497,-0.5117928
147,friends,Read,RH_EAC,0.39453673,-0.028297294,-0.23173694
147,friends,Read,RH_pSTG,0.3431745,0.007313146,-0.6508902
147,friends,Read,RH_aSTG,0.47023022,-0.024801392,-0.20852777
147,friends,Read,RH_IFG,0.4192741,0.07051497,0.20222156
147,friends,Read,RH_FOP,0.35421786,0.060631514,0.5714712
147,friends,Read,RH_MFG,0.4566775,0.0034609472,0.024275508
147,friends,Read,RH_SM,0.4651413,0.0030087896,0.35568222
147,friends,Read,RH_SMA,0.46263123,0.006726428,-0.3882529
147,friends,Read,RH_IPS,0.42674547,0.003899866,-0.26364842
147,friends,Read,RH_TPJ,0.4344664,0.031247038,-0.4340401
147,friends,Read,RH_PMC,0.4098729,0.04899358,-0.63135165
150,friends,Generate,LH_EAC,0.5179095,0.18094414,0.6692073
150,friends,Generate,LH_pSTG,0.48611343,0.14546347,0.4727323
150,friends,Generate,LH_aSTG,0.5217489,0.10161413,0.6525416
150,friends,Generate,LH_IFG,0.30476373,0.09795877,-0.40088847
150,friends,Generate,LH_FOP,0.35327503,0.08435537,-0.10933024
150,friends,Generate,LH_MFG,0.4609249,0.111265294,0.052357428
150,friends,Generate,LH_SM,0.49192658,0.08279985,0.06914108
150,friends,Generate,LH_SMA,0.32832056,0.012858675,0.030337514
150,friends,Generate,LH_IPS,0.5439222,0.086667225,0.028855719
150,friends,Generate,LH_TPJ,0.54137695,0.047492996,0.35706156
150,friends,Generate,LH_PMC,0.5739117,0.031535834,0.43786645
150,friends,Generate,RH_EAC,0.52566934,0.09437908,0.670323
150,friends,Generate,RH_pSTG,0.47193354,0.09895171,0.4845922
150,friends,Generate,RH_aSTG,0.5269586,0.10299477,0.62230754
150,friends,Generate,RH_IFG,0.373799,0.08037567,0.07892126
150,friends,Generate,RH_FOP,0.31650856,0.07663638,-0.0064854496
150,friends,Generate,RH_MFG,0.47177133,0.120428115,-0.07747916
150,friends,Generate,RH_SM,0.42302525,0.116278104,-0.027570033
150,friends,Generate,RH_SMA,0.45839104,0.06286271,0.3338017
150,friends,Generate,RH_IPS,0.54083765,0.053481713,0.14519888
150,friends,Generate,RH_TPJ,0.5090685,0.14848295,0.49818864
150,friends,Generate,RH_PMC,0.57722867,0.093023695,0.37349802
150,friends,Read,LH_EAC,0.49011418,0.17817606,0.6035065
150,friends,Read,LH_pSTG,0.44258347,0.010574613,0.3531402
150,friends,Read,LH_aSTG,0.5035262,0.051898606,0.5657347
150,friends,Read,LH_IFG,0.3252656,-0.0470028,-0.2991368
150,friends,Read,LH_FOP,0.3379438,-0.0010194778,-0.27053326
150,friends,Read,LH_MFG,0.40841538,-0.076505095,-0.0009528235
150,friends,Read,LH_SM,0.5349008,0.07752712,0.24990436
150,friends,Read,LH_SMA,0.35892043,-0.025699936,0.2203106
150,friends,Read,LH_IPS,0.5379827,-0.0006326004,0.06501789
150,friends,Read,LH_TPJ,0.51692754,0.04384119,0.35563388
150,friends,Read,LH_PMC,0.5449451,0.017565018,0.29868892
150,friends,Read,RH_EAC,0.5309268,0.08935152,0.56691045
150,friends,Read,RH_pSTG,0.44453818,0.08662027,0.33126158
150,friends,Read,RH_aSTG,0.47945493,0.041802518,0.58735347
150,friends,Read,RH_IFG,0.3693582,-0.030711994,0.07126562
150,friends,Read,RH_FOP,0.27814502,0.028349627,-0.10525733
150,friends,Read,RH_MFG,0.45403808,0.010122584,-0.21696709
150,friends,Read,RH_SM,0.48410577,0.09446546,0.121181846
150,friends,Read,RH_SMA,0.43743384,-0.01106349,0.31790298
150,friends,Read,RH_IPS,0.5390932,0.02400902,0.20170236
150,friends,Read,RH_TPJ,0.49861997,0.080209225,0.4181395
150,friends,Read,RH_PMC,0.56631064,0.07501621,0.25536326
152,friends,Generate,LH_EAC,0.4983039,0.19351293,0.84030586
152,friends,Generate,LH_pSTG,0.42858702,0.11013391,0.3348615
152,friends,Generate,LH_aSTG,0.42170733,0.039472822,0.24798173
152,friends,Generate,LH_IFG,0.39917904,0.06907896,0.23529185
152,friends,Generate,LH_FOP,0.38120556,0.049434766,0.049572047
152,friends,Generate,LH_MFG,0.37828752,0.079503804,0.1586141
152,friends,Generate,LH_SM,0.5194494,0.10248711,0.33362603
152,friends,Generate,LH_SMA,0.35886025,0.15317345,-0.018174604
152,friends,Generate,LH_IPS,0.4801042,0.055747792,0.13879497
152,friends,Generate,LH_TPJ,0.44429803,0.038320787,0.3241742
152,friends,Generate,LH_PMC,0.4900155,0.023358518,-0.39022234
152,friends,Generate,RH_EAC,0.36855042,0.1536018,0.90985274
152,friends,Generate,RH_pSTG,0.4167271,0.08392463,0.73727757
152,friends,Generate,RH_aSTG,0.42180216,0.011936253,0.6928434
152,friends,Generate,RH_IFG,0.46947885,0.032988563,0.3113693
152,friends,Generate,RH_FOP,0.35010964,0.048184916,0.19184522
152,friends,Generate,RH_MFG,0.38135248,0.108720176,0.11756698
152,friends,Generate,RH_SM,0.5312405,0.033973634,0.13864954
152,friends,Generate,RH_SMA,0.4128929,0.14720923,-0.10415563
152,friends,Generate,RH_IPS,0.50922275,0.031935275,0.24860895
152,friends,Generate,RH_TPJ,0.5081104,-0.0011808351,0.5419962
152,friends,Generate,RH_PMC,0.53363085,-0.032526523,-0.30918366
152,friends,Read,LH_EAC,0.42948097,-0.021557085,0.81362575
152,friends,Read,LH_pSTG,0.39741558,-0.008521191,0.37360367
152,friends,Read,LH_aSTG,0.4339698,0.06948443,0.27842006
152,friends,Read,LH_IFG,0.39021647,-0.0076160324,0.30286407
152,friends,Read,LH_FOP,0.3788939,0.01073149,0.0015108802
152,friends,Read,LH_MFG,0.3770309,-0.018256279,0.21233286
152,friends,Read,LH_SM,0.46100786,-0.013576677,0.17622632
152,friends,Read,LH_SMA,0.35772198,0.04477593,-0.029691415
152,friends,Read,LH_IPS,0.42889988,-0.065728895,0.09125607
152,friends,Read,LH_TPJ,0.4455889,-0.037531063,0.34175804
152,friends,Read,LH_PMC,0.4934741,-0.05441122,-0.35850143
152,friends,Read,RH_EAC,0.29667592,0.013179865,0.90233284
152,friends,Read,RH_pSTG,0.36849606,-0.00043480677,0.73612547
152,friends,Read,RH_aSTG,0.42042756,0.01851045,0.6917065
152,friends,Read,RH_IFG,0.46162727,0.05544995,0.28849494
152,friends,Read,RH_FOP,0.33815673,0.052520182,0.18429308
152,friends,Read,RH_MFG,0.35398844,0.03893497,0.013441177
152,friends,Read,RH_SM,0.50771624,-0.07997294,0.02599611
152,friends,Read,RH_SMA,0.3893479,-0.013659403,-0.09481275
152,friends,Read,RH_IPS,0.48077542,-0.016034437,0.10601087
152,friends,Read,RH_TPJ,0.50889397,-0.013162108,0.58769953
152,friends,Read,RH_PMC,0.519397,-0.04000082,-0.25311515
154,friends,Generate,LH_EAC,0.47285637,0.06365609,0.68152
154,friends,Generate,LH_pSTG,0.45820493,0.058794815,0.25560653
154,friends,Generate,LH_aSTG,0.48985916,0.14770497,0.7179177
154,friends,Generate,LH_IFG,0.37795293,0.011259438,0.13655613
154,friends,Generate,LH_FOP,0.4231352,-0.0021915268,0.47050953
154,friends,Generate,LH_MFG,0.32889247,0.15128651,0.13821316
154,friends,Generate,LH_SM,0.52627176,0.06733679,0.23883136
154,friends,Generate,LH_SMA,0.35059634,0.14046706,-0.026978383
154,friends,Generate,LH_IPS,0.54157126,0.04848364,0.5746598
154,friends,Generate,LH_TPJ,0.52257276,0.08576606,0.2714882
154,friends,Generate,LH_PMC,0.55046546,0.024898741,0.18173651
154,friends,Generate,RH_EAC,0.46377778,0.015742239,0.6147127
154,friends,Generate,RH_pSTG,0.44798663,0.09013911,0.507458
154,friends,Generate,RH_aSTG,0.4671201,0.13763122,0.6211308
154,friends,Generate,RH_IFG,0.4449439,0.056938175,0.37277225
154,friends,Generate,RH_FOP,0.42367375,0.025116274,0.49157855
154,friends,Generate,RH_MFG,0.39908096,0.120314255,0.0036476182
154,friends,Generate,RH_SM,0.532393,-0.006905572,0.45978865
154,friends,Generate,RH_SMA,0.4084208,0.06239679,0.3524138
154,friends,Generate,RH_IPS,0.5437988,0.0424651,0.5364446
154,friends,Generate,RH_TPJ,0.50243866,0.11005605,0.3623478
154,friends,Generate,RH_PMC,0.5675389,0.0789563,0.2579123
154,friends,Read,LH_EAC,0.46362728,0.049378645,0.6777585
154,friends,Read,LH_pSTG,0.45231947,-0.032035854,0.15189967
154,friends,Read,LH_aSTG,0.531254,0.15175763,0.76539093
154,friends,Read,LH_IFG,0.40973508,-0.05981311,0.21133706
154,friends,Read,LH_FOP,0.41851377,-0.029641056,0.43498436
154,friends,Read,LH_MFG,0.3776894,-0.08843295,0.15554826
154,friends,Read,LH_SM,0.5125428,0.048687592,0.34891903
154,friends,Read,LH_SMA,0.3667546,-0.029709108,0.08064682
154,friends,Read,LH_IPS,0.51633185,0.016141737,0.4650294
154,friends,Read,LH_TPJ,0.4925673,0.040028434,0.35423303
154,friends,Read,LH_PMC,0.53306854,-0.029318584,0.21480864
154,friends,Read,RH_EAC,0.46907407,0.07139944,0.6500093
154,friends,Read,RH_pSTG,0.38304174,0.03192908,0.40762693
154,friends,Read,RH_aSTG,0.50271636,0.10869391,0.66176164
154,friends,Read,RH_IFG,0.41237998,-0.0011272064,0.2827527
154,friends,Read,RH_FOP,0.41056868,-0.004750159,0.48506626
154,friends,Read,RH_MFG,0.42610586,-0.024365053,-0.042287346
154,friends,Read,RH_SM,0.4985332,0.020080376,0.57576495
154,friends,Read,RH_SMA,0.39386553,-0.004198026,0.32159626
154,friends,Read,RH_IPS,0.5067259,-0.028834634,0.53102034
154,friends,Read,RH_TPJ,0.49548614,0.046547025,0.37842926
154,friends,Read,RH_PMC,0.5510334,0.054749902,0.26397702
155,friends,Generate,LH_EAC,0.46022275,0.06294424,0.33513424
155,friends,Generate,LH_pSTG,0.51796776,0.07649838,0.28266457
155,friends,Generate,LH_aSTG,0.49624407,0.0982209,0.1941399
155,friends,Generate,LH_IFG,0.4436428,-0.010685398,0.04187188
155,friends,Generate,LH_FOP,0.3591068,0.05145398,0.018352924
155,friends,Generate,LH_MFG,0.4159794,0.06374719,0.18185383
155,friends,Generate,LH_SM,0.46881422,-0.044965602,0.21263057
155,friends,Generate,LH_SMA,0.36029387,0.010433019,0.12866388
155,friends,Generate,LH_IPS,0.50955796,0.034938786,-0.1064492
155,friends,Generate,LH_TPJ,0.46846682,-0.0078624915,-0.027078027
155,friends,Generate,LH_PMC,0.48600233,0.004880128,0.30218515
155,friends,Generate,RH_EAC,0.47574565,-0.023164518,0.28782538
155,friends,Generate,RH_pSTG,0.5559783,0.09107456,-0.21441852
155,friends,Generate,RH_aSTG,0.5234978,0.059270035,-0.10767403
155,friends,Generate,RH_IFG,0.38909253,0.03154343,-0.44391066
155,friends,Generate,RH_FOP,0.38950813,0.07724554,-0.0652219
155,friends,Generate,RH_MFG,0.43077266,0.110897504,-0.42288545
155,friends,Generate,RH_SM,0.40780395,-0.0714357,0.091768295
155,friends,Generate,RH_SMA,0.41622096,0.08202286,-0.24310881
155,friends,Generate,RH_IPS,0.47658128,0.0155159375,-0.19325648
155,friends,Generate,RH_TPJ,0.46618968,0.03068214,-0.19556624
155,friends,Generate,RH_PMC,0.5308762,-0.0096672075,0.33163187
155,friends,Read,LH_EAC,0.4855909,0.18880038,0.40874547
155,friends,Read,LH_pSTG,0.48876578,0.067907065,0.2500828
155,friends,Read,LH_aSTG,0.5299594,0.15776987,0.25801468
155,friends,Read,LH_IFG,0.4535559,-0.01585658,-0.0051329117
155,friends,Read,LH_FOP,0.34364378,-0.048393335,0.09635633
155,friends,Read,LH_MFG,0.3884148,-0.03670126,0.14416046
155,friends,Read,LH_SM,0.47888058,-0.0048588114,0.21589656
155,friends,Read,LH_SMA,0.3608452,0.029858576,0.118399344
155,friends,Read,LH_IPS,0.50551605,-0.009372547,-0.119209245
155,friends,Read,LH_TPJ,0.4969371,0.05689853,-0.021284495
155,friends,Read,LH_PMC,0.50752884,0.029452195,0.28436843
155,friends,Read,RH_EAC,0.49309748,0.0891656,0.36404428
155,friends,Read,RH_pSTG,0.49530908,0.10525192,-0.24586232
155,friends,Read,RH_aSTG,0.50243175,0.08760185,-0.124804586
155,friends,Read,RH_IFG,0.40514833,0.0064198063,-0.43508196
155,friends,Read,RH_FOP,0.36238596,-0.007398606,0.042061273
155,friends,Read,RH_MFG,0.41808298,-0.010195386,-0.40404508
155,friends,Read,RH_SM,0.42086184,0.006637778,0.093516655
155,friends,Read,RH_SMA,0.40544164,0.046612896,-0.29315066
155,friends,Read,RH_IPS,0.49231297,0.025051232,-0.17893265
155,friends,Read,RH_TPJ,0.48450997,0.07131273,-0.09006037
155,friends,Read,RH_PMC,0.5259851,0.040120073,0.31645226
159,friends,Generate,LH_EAC,0.4463122,-0.012027039,0.6597375
159,friends,Generate,LH_pSTG,0.47846133,0.0413442,-0.070400394
159,friends,Generate,LH_aSTG,0.5355146,0.030496353,0.15181686
159,friends,Generate,LH_IFG,0.47310948,-0.0006706497,-0.12253168
159,friends,Generate,LH_FOP,0.4424226,0.07756141,-0.10627674
159,friends,Generate,LH_MFG,0.39826596,0.022291536,-0.41266963
159,friends,Generate,LH_SM,0.5535844,0.031533007,0.47316325
159,friends,Generate,LH_SMA,0.36455184,0.05851029,0.5007917
159,friends,Generate,LH_IPS,0.50735766,0.015346398,-0.711624
159,friends,Generate,LH_TPJ,0.4708581,-0.023864552,-0.29153675
159,friends,Generate,LH_PMC,0.5743735,-0.012090779,0.22093993
159,friends,Generate,RH_EAC,0.4607783,0.019378789,0.7447161
159,friends,Generate,RH_pSTG,0.48798734,0.09745113,-0.15905976
159,friends,Generate,RH_aSTG,0.5034244,0.058865882,0.38337246
159,friends,Generate,RH_IFG,0.42989498,0.051298443,-0.050616104
159,friends,Generate,RH_FOP,0.4415344,0.00458812,-0.02734221
159,friends,Generate,RH_MFG,0.34191677,0.11395825,-0.30251077
159,friends,Generate,RH_SM,0.52111745,0.034266975,0.61063063
159,friends,Generate,RH_SMA,0.3931447,0.061423484,0.5574048
159,friends,Generate,RH_IPS,0.5063359,0.014186145,-0.46623108
159,friends,Generate,RH_TPJ,0.481875,0.020406755,0.28398913
159,friends,Generate,RH_PMC,0.567412,0.025919184,0.28358963
159,friends,Read,LH_EAC,0.43871275,-0.04584572,0.57350236
159,friends,Read,LH_pSTG,0.46117997,-0.09937091,-0.14840195
159,friends,Read,LH_aSTG,0.5477374,-0.03905918,0.086794704
159,friends,Read,LH_IFG,0.49490756,-0.05658804,-0.1945005
159,friends,Read,LH_FOP,0.46212012,-0.08208292,-0.18133205
159,friends,Read,LH_MFG,0.43090016,-0.06732298,-0.47611704
159,friends,Read,LH_SM,0.56184375,0.06563656,0.4672275
159,friends,Read,LH_SMA,0.38848644,-0.03706527,0.44970372
159,friends,Read,LH_IPS,0.5153871,0.021266492,-0.7190463
159,friends,Read,LH_TPJ,0.478454,-0.029261714,-0.19073373
159,friends,Read,LH_PMC,0.56492066,-0.025047155,0.28567603
159,friends,Read,RH_EAC,0.46138233,-0.021506082,0.68881243
159,friends,Read,RH_pSTG,0.49240732,0.028717931,-0.25159046
159,friends,Read,RH_aSTG,0.5100477,-0.020166392,0.2730056
159,friends,Read,RH_IFG,0.43692273,0.009232931,-0.11628552
159,friends,Read,RH_FOP,0.4454814,-0.03375126,-0.123946056
159,friends,Read,RH_MFG,0.37158716,-0.03867337,-0.40385446
159,friends,Read,RH_SM,0.52354026,0.0028103278,0.63198483
159,friends,Read,RH_SMA,0.3886702,-0.0108456705,0.5192447
159,friends,Read,RH_IPS,0.52028805,0.04968122,-0.45258638
159,friends,Read,RH_TPJ,0.5192406,0.06705868,0.37747368
159,friends,Read,RH_PMC,0.56912386,0.036646158,0.3232114
160,friends,Generate,LH_EAC,0.49233425,0.005135404,0.2311942
160,friends,Generate,LH_pSTG,0.46896392,0.022332156,0.30751184
160,friends,Generate,LH_aSTG,0.4928022,0.029950956,0.4702487
160,friends,Generate,LH_IFG,0.4078481,-0.00971433,0.6200017
160,friends,Generate,LH_FOP,0.38379055,0.033821777,-0.17085941
160,friends,Generate,LH_MFG,0.41324517,-0.0036388908,-0.6796531
160,friends,Generate,LH_SM,0.3894119,-0.009391121,-0.7906802
160,friends,Generate,LH_SMA,0.3807968,0.02560679,-0.0665447
160,friends,Generate,LH_IPS,0.5112086,0.020339113,-0.5939819
160,friends,Generate,LH_TPJ,0.5234119,-0.0068311584,-0.2018509
160,friends,Generate,LH_PMC,0.4958442,0.024271118,-0.5293551
160,friends,Generate,RH_EAC,0.49786425,0.017484397,0.20756228
160,friends,Generate,RH_pSTG,0.47184741,0.05433395,0.5080504
160,friends,Generate,RH_aSTG,0.48463893,0.019433448,0.036450066
160,friends,Generate,RH_IFG,0.4397589,0.022870382,0.38881743
160,friends,Generate,RH_FOP,0.3670807,0.067874834,0.14498566
160,friends,Generate,RH_MFG,0.46347767,-0.010098915,-0.063499235
160,friends,Generate,RH_SM,0.48961392,0.0020164745,-0.45903936
160,friends,Generate,RH_SMA,0.41239828,0.038024254,0.1568095
160,friends,Generate,RH_IPS,0.54586273,0.032783847,-0.1652459
160,friends,Generate,RH_TPJ,0.5385281,0.05244788,-0.15606932
160,friends,Generate,RH_PMC,0.543226,0.018245595,-0.380476
160,friends,Read,LH_EAC,0.48844737,0.0131880855,0.21543238
160,friends,Read,LH_pSTG,0.47986755,0.010093218,0.33591378
160,friends,Read,LH_aSTG,0.5115975,-0.018644182,0.4748574
160,friends,Read,LH_IFG,0.44077736,-0.016351623,0.57564634
160,friends,Read,LH_FOP,0.3911999,0.0064381664,-0.19881552
160,friends,Read,LH_MFG,0.4339612,-0.053633023,-0.64715695
160,friends,Read,LH_SM,0.3966431,0.049873274,-0.7685146
160,friends,Read,LH_SMA,0.4360703,-0.017892966,-0.19387485
160,friends,Read,LH_IPS,0.53294927,0.0012131181,-0.5412561
160,friends,Read,LH_TPJ,0.53794587,0.01518237,-0.09052121
160,friends,Read,LH_PMC,0.5328374,-0.008055544,-0.4173729
160,friends,Read,RH_EAC,0.48095512,0.006892171,0.15860099
160,friends,Read,RH_pSTG,0.4552602,-0.0010369695,0.49323767
160,friends,Read,RH_aSTG,0.4963241,0.0020939843,0.0144392345
160,friends,Read,RH_IFG,0.4510114,0.012476089,0.30554333
160,friends,Read,RH_FOP,0.38490552,0.018683882,0.049701948
160,friends,Read,RH_MFG,0.46787778,-0.024762021,-0.07934235
160,friends,Read,RH_SM,0.4772809,0.024813646,-0.48672011
160,friends,Read,RH_SMA,0.43493417,0.0063087153,0.048865177
160,friends,Read,RH_IPS,0.5570547,0.024503471,-0.13350661
160,friends,Read,RH_TPJ,0.5564661,0.037032843,-0.14886652
160,friends,Read,RH_PMC,0.558312,-0.016167698,-0.29152927
161,friends,Generate,LH_EAC,0.43703443,0.012299985,0.70604134
161,friends,Generate,LH_pSTG,0.45242506,0.009293249,0.46374515
161,friends,Generate,LH_aSTG,0.44043905,-0.012983807,0.6654967
161,friends,Generate,LH_IFG,0.41778857,-0.010683695,0.22868285
161,friends,Generate,LH_FOP,0.4195227,0.06984351,0.39762372
161,friends,Generate,LH_MFG,0.34421918,0.024338216,0.63677186
161,friends,Generate,LH_SM,0.5615245,-0.044563543,0.58570015
161,friends,Generate,LH_SMA,0.34702435,-0.035653662,0.7206769
161,friends,Generate,LH_IPS,0.36627063,0.03389573,0.7574549
161,friends,Generate,LH_TPJ,0.30485338,-0.0033123232,0.770617
161,friends,Generate,LH_PMC,0.46813,-0.07047878,0.76497084
161,friends,Generate,RH_EAC,0.4045879,-0.037802387,0.33002484
161,friends,Generate,RH_pSTG,0.46520948,0.0422749,0.30653328
161,friends,Generate,RH_aSTG,0.43399447,0.004753624,0.049928017
161,friends,Generate,RH_IFG,0.39566848,0.012933998,-0.5019743
161,friends,Generate,RH_FOP,0.32993272,0.056659166,-0.44611973
161,friends,Generate,RH_MFG,0.4549862,0.06643729,-0.13412325
161,friends,Generate,RH_SM,0.5603292,-0.08752489,0.26569423
161,friends,Generate,RH_SMA,0.41924506,0.0057767234,0.30116746
161,friends,Generate,RH_IPS,0.4133071,-0.015992008,0.44718412
161,friends,Generate,RH_TPJ,0.42918542,0.028927399,0.20147213
161,friends,Generate,RH_PMC,0.5310202,-0.037253506,0.41757175
161,friends,Read,LH_EAC,0.40492994,-0.05905812,0.67747873
161,friends,Read,LH_pSTG,0.43678772,-0.08258202,0.4524926
161,friends,Read,LH_aSTG,0.44679433,0.023821983,0.7138525
161,friends,Read,LH_IFG,0.41447943,-0.13100703,0.25962022
161,friends,Read,LH_FOP,0.3929119,-0.074088804,0.32080632
161,friends,Read,LH_MFG,0.31148773,-0.08996617,0.6033804
161,friends,Read,LH_SM,0.5745634,-0.05885771,0.5357149
161,friends,Read,LH_SMA,0.32443517,-0.08793439,0.6764872
161,friends,Read,LH_IPS,0.3566066,0.00616167,0.7291098
161,friends,Read,LH_TPJ,0.2724955,-0.035930395,0.75449014
161,friends,Read,LH_PMC,0.47428638,0.018562844,0.7899086
161,friends,Read,RH_EAC,0.41267586,-0.04228682,0.28982434
161,friends,Read,RH_pSTG,0.46200362,-0.06354766,0.27155957
161,friends,Read,RH_aSTG,0.47996193,0.053701766,0.14882237
161,friends,Read,RH_IFG,0.42745492,-0.075244,-0.4151165
161,friends,Read,RH_FOP,0.34965542,-0.09609012,-0.4959907
161,friends,Read,RH_MFG,0.47259897,-0.063835375,-0.22069468
161,friends,Read,RH_SM,0.5798378,-0.059560083,0.21752566
161,friends,Read,RH_SMA,0.43216604,-0.06736893,0.2482097
161,friends,Read,RH_IPS,0.4637796,-0.0022291972,0.38287655
161,friends,Read,RH_TPJ,0.46432844,0.01638708,0.24079397
161,friends,Read,RH_PMC,0.53682303,0.034618296,0.44026902
162,friends,Generate,LH_EAC,0.5300992,0.12877719,0.036412485
162,friends,Generate,LH_pSTG,0.47956073,0.06159856,-0.014213272
162,friends,Generate,LH_aSTG,0.48516244,0.035433643,-0.00050781405
162,friends,Generate,LH_IFG,0.44214925,-0.11902144,-0.6444737
162,friends,Generate,LH_FOP,0.4051587,0.0076609706,0.15258266
162,friends,Generate,LH_MFG,0.49054164,-0.032451704,-0.30812594
162,friends,Generate,LH_SM,0.47907925,0.011188325,-0.8323184
162,friends,Generate,LH_SMA,0.41228354,-0.03260081,-0.41480866
162,friends,Generate,LH_IPS,0.52771294,-0.021881882,-0.14897864
162,friends,Generate,LH_TPJ,0.5089187,-0.028222736,-0.43837562
162,friends,Generate,LH_PMC,0.5472726,0.0052012685,-0.01871174
162,friends,Generate,RH_EAC,0.50168705,0.095914945,0.066538945
162,friends,Generate,RH_pSTG,0.49467558,0.03727861,-0.073623404
162,friends,Generate,RH_aSTG,0.52306056,0.058131367,0.10298832
162,friends,Generate,RH_IFG,0.40604764,-0.14014386,-0.39917037
162,friends,Generate,RH_FOP,0.4177278,-0.016072031,0.3470517
162,friends,Generate,RH_MFG,0.40673438,-0.04169959,0.38639835
162,friends,Generate,RH_SM,0.49643505,-0.014367678,-0.5556529
162,friends,Generate,RH_SMA,0.422694,0.009688513,-0.057347327
162,friends,Generate,RH_IPS,0.47195262,-0.027150227,0.0044763773
162,friends,Generate,RH_TPJ,0.4682113,-0.024857508,-0.11542918
162,friends,Generate,RH_PMC,0.5107178,-0.024313228,-0.23702367
162,friends,Read,LH_EAC,0.51461923,0.08039314,0.13984862
162,friends,Read,LH_pSTG,0.46548045,0.10867668,0.092900425
162,friends,Read,LH_aSTG,0.44041044,0.10992226,0.2136208
162,friends,Read,LH_IFG,0.31978726,0.14560397,-0.48408586
162,friends,Read,LH_FOP,0.33590704,0.104091346,0.2546835
162,friends,Read,LH_MFG,0.4750287,0.02416104,-0.15547268
162,friends,Read,LH_SM,0.46333024,0.00801386,-0.8206402
162,friends,Read,LH_SMA,0.41072726,0.057623062,-0.3589758
162,friends,Read,LH_IPS,0.5353904,0.02584798,-0.024094736
162,friends,Read,LH_TPJ,0.48045003,0.11356078,-0.23135161
162,friends,Read,LH_PMC,0.5513754,0.063848644,0.0043882155
162,friends,Read,RH_EAC,0.5040952,0.083239324,0.12905744
162,friends,Read,RH_pSTG,0.47976357,0.054475676,-0.01766311
162,friends,Read,RH_aSTG,0.5246131,0.12169726,0.26120955
162,friends,Read,RH_IFG,0.3605244,0.05401592,-0.18966529
162,friends,Read,RH_FOP,0.3662257,0.12944594,0.43627056
162,friends,Read,RH_MFG,0.41530907,-0.041656323,0.44416833
162,friends,Read,RH_SM,0.50072044,0.013860339,-0.5412919
162,friends,Read,RH_SMA,0.4540928,-0.033023823,-0.005402279
162,friends,Read,RH_IPS,0.47916847,0.06633447,0.17793557
162,friends,Read,RH_TPJ,0.47001252,0.118396975,0.16019584
162,friends,Read,RH_PMC,0.51286566,0.10859393,-0.19449943
164,friends,Generate,LH_EAC,0.46000662,0.0199991,0.750726
164,friends,Generate,LH_pSTG,0.5538791,0.056672677,0.28839475
164,friends,Generate,LH_aSTG,0.5251697,0.07586311,0.78579396
164,friends,Generate,LH_IFG,0.38707417,-0.085772805,0.062353972
164,friends,Generate,LH_FOP,0.33344895,0.00051332684,-0.18414606
164,friends,Generate,LH_MFG,0.35265237,-0.015555816,0.3360078
164,friends,Generate,LH_SM,0.50560623,-0.014049009,-0.49778134
164,friends,Generate,LH_SMA,0.26701197,-0.04429951,-0.16273531
164,friends,Generate,LH_IPS,0.49145177,0.05457112,0.19938435
164,friends,Generate,LH_TPJ,0.51249653,-0.0028569475,0.14141147
164,friends,Generate,LH_PMC,0.5194063,-0.015583232,0.039083708
164,friends,Generate,RH_EAC,0.45029694,0.021844752,0.55512285
164,friends,Generate,RH_pSTG,0.44085404,0.1051071,-0.14263925
164,friends,Generate,RH_aSTG,0.5010137,0.11479487,0.49724314
164,friends,Generate,RH_IFG,0.37226212,-0.0179786,0.28888562
164,friends,Generate,RH_FOP,0.3882591,0.09268268,0.39865443
164,friends,Generate,RH_MFG,0.31405702,0.07227529,0.32414287
164,friends,Generate,RH_SM,0.52158284,-0.0325882,-0.19839683
164,friends,Generate,RH_SMA,0.32436448,0.095103584,-0.132707
164,friends,Generate,RH_IPS,0.45589602,0.068523824,0.33956438
164,friends,Generate,RH_TPJ,0.5115638,0.07849508,0.30268255
164,friends,Generate,RH_PMC,0.5228874,0.054943167,0.12842676
164,friends,Read,LH_EAC,0.43228674,0.0021989765,0.70744556
164,friends,Read,LH_pSTG,0.52132165,-0.037803262,0.15513515
164,friends,Read,LH_aSTG,0.49345005,-0.040981676,0.7048085
164,friends,Read,LH_IFG,0.40763095,-0.04648581,0.075567774
164,friends,Read,LH_FOP,0.3542756,-0.021484274,-0.28061628
164,friends,Read,LH_MFG,0.32584092,-0.050161388,0.23277493
164,friends,Read,LH_SM,0.5093857,-0.05466093,-0.5092008
164,friends,Read,LH_SMA,0.30156532,-0.022571184,-0.21772337
164,friends,Read,LH_IPS,0.5032037,-0.018466746,0.1738866
164,friends,Read,LH_TPJ,0.5099,0.005873893,0.16975543
164,friends,Read,LH_PMC,0.53903204,0.009391599,0.08491447
164,friends,Read,RH_EAC,0.45804968,0.022347758,0.48224437
164,friends,Read,RH_pSTG,0.4176035,0.045623124,-0.21711574
164,friends,Read,RH_aSTG,0.47257856,-0.014596616,0.39422038
164,friends,Read,RH_IFG,0.3239842,-0.028625384,0.30647922
164,friends,Read,RH_FOP,0.36589846,-0.03899254,0.31550592
164,friends,Read,RH_MFG,0.3000383,0.006601093,0.22859532
164,friends,Read,RH_SM,0.5171926,-0.006572107,-0.23712274
164,friends,Read,RH_SMA,0.33097047,-0.017123636,-0.27705568
164,friends,Read,RH_IPS,0.46717045,-0.0025818096,0.3702143
164,friends,Read,RH_TPJ,0.48127082,0.055822928,0.3144484
164,friends,Read,RH_PMC,0.5354554,0.047570013,0.24952458
165,friends,Generate,LH_EAC,0.43009275,-0.028665034,-0.42551807
165,friends,Generate,LH_pSTG,0.45226288,-0.015793554,-0.23515338
165,friends,Generate,LH_aSTG,0.5069571,-0.009070894,-0.49488723
165,friends,Generate,LH_IFG,0.3516744,-0.052411,0.04887849
165,friends,Generate,LH_FOP,0.30791235,0.05563827,0.5065255
165,friends,Generate,LH_MFG,0.37228853,-0.062434822,0.0031680844
165,friends,Generate,LH_SM,0.492538,-0.00877714,-0.15353139
165,friends,Generate,LH_SMA,0.2643199,-0.03435003,0.51426715
165,friends,Generate,LH_IPS,0.48844078,0.05929979,-0.14014359
165,friends,Generate,LH_TPJ,0.4012342,0.021526786,-0.054477397
165,friends,Generate,LH_PMC,0.5143872,-0.0010512533,-0.28141406
165,friends,Generate,RH_EAC,0.45719737,-0.036233917,-0.5704611
165,friends,Generate,RH_pSTG,0.5080719,0.0920706,-0.27831244
165,friends,Generate,RH_aSTG,0.49051666,0.0061574397,-0.42574057
165,friends,Generate,RH_IFG,0.34983587,0.01629572,0.4340387
165,friends,Generate,RH_FOP,0.26190808,0.047764905,0.44572374
165,friends,Generate,RH_MFG,0.39198524,0.046876505,0.5662823
165,friends,Generate,RH_SM,0.5043831,-0.014505612,0.021648804
165,friends,Generate,RH_SMA,0.35323185,0.00756084,0.41300815
165,friends,Generate,RH_IPS,0.5422704,0.024372328,-0.021310307
165,friends,Generate,RH_TPJ,0.48809642,0.035565853,0.25477204
165,friends,Generate,RH_PMC,0.55360913,0.0062985066,-0.1071213
165,friends,Read,LH_EAC,0.414967,0.071144424,-0.24155365
165,friends,Read,LH_pSTG,0.42468086,-0.009177754,-0.24269702
165,friends,Read,LH_aSTG,0.4768805,0.05190793,-0.4772532
165,friends,Read,LH_IFG,0.35301894,0.0006089973,-0.1238201
165,friends,Read,LH_FOP,0.2995926,0.034906127,0.3482986
165,friends,Read,LH_MFG,0.34587485,-0.08659139,0.09317195
165,friends,Read,LH_SM,0.4968993,0.077036455,-0.027057048
165,friends,Read,LH_SMA,0.28588492,0.013575194,0.49171153
165,friends,Read,LH_IPS,0.4769898,-0.0069210944,-0.16146259
165,friends,Read,LH_TPJ,0.45070863,0.027463447,-0.16713272
165,friends,Read,LH_PMC,0.547055,-0.0018012235,-0.19060594
165,friends,Read,RH_EAC,0.45561433,0.06185348,-0.45168072
165,friends,Read,RH_pSTG,0.51374817,0.035606947,-0.28764987
165,friends,Read,RH_aSTG,0.48752785,0.027704213,-0.36604506
165,friends,Read,RH_IFG,0.32313955,0.029050115,0.38431904
165,friends,Read,RH_FOP,0.24712652,0.011099595,0.39019153
165,friends,Read,RH_MFG,0.3942483,-0.018658426,0.48082405
165,friends,Read,RH_SM,0.514388,0.053556092,0.15299758
165,friends,Read,RH_SMA,0.3690833,0.04660695,0.3538623
165,friends,Read,RH_IPS,0.518761,0.03977722,-0.06624751
165,friends,Read,RH_TPJ,0.48953992,0.06066593,0.20279874
165,friends,Read,RH_PMC,0.5550622,0.027367264,0.01105946
166,friends,Generate,LH_EAC,0.46906328,0.028188528,0.5405115
166,friends,Generate,LH_pSTG,0.42063242,-0.04893495,-0.013614231
166,friends,Generate,LH_aSTG,0.48821798,-0.013794904,0.30180436
166,friends,Generate,LH_IFG,0.40812,-0.017494462,0.11908611
166,friends,Generate,LH_FOP,0.37940434,0.020005247,-0.20036012
166,friends,Generate,LH_MFG,0.3466769,-0.033166304,0.28308204
166,friends,Generate,LH_SM,0.49098575,0.03834326,-0.14408064
166,friends,Generate,LH_SMA,0.41945875,-0.03552371,0.1065317
166,friends,Generate,LH_IPS,0.4512887,0.04112734,0.30166647
166,friends,Generate,LH_TPJ,0.3811372,-0.027247395,-0.61778235
166,friends,Generate,LH_PMC,0.3941673,-0.041325137,-0.83112353
166,friends,Generate,RH_EAC,0.48254055,0.08354225,0.15812711
166,friends,Generate,RH_pSTG,0.45736915,0.059653305,-0.0849925
166,friends,Generate,RH_aSTG,0.5084002,0.026565833,0.4690702
166,friends,Generate,RH_IFG,0.4373005,0.073075816,0.4929386
166,friends,Generate,RH_FOP,0.38824487,0.09123121,-0.011679463
166,friends,Generate,RH_MFG,0.42698458,0.03060723,0.42349067
166,friends,Generate,RH_SM,0.49988917,0.024863144,-0.019019594
166,friends,Generate,RH_SMA,0.436709,0.046992835,0.4832571
166,friends,Generate,RH_IPS,0.50042164,0.025491267,0.23056519
166,friends,Generate,RH_TPJ,0.37577853,0.058804024,-0.5117865
166,friends,Generate,RH_PMC,0.44071454,-0.0457839,-0.7356332
166,friends,Read,LH_EAC,0.46955326,-0.0021532455,0.49220535
166,friends,Read,LH_pSTG,0.39396286,-0.05026612,-0.035891313
166,friends,Read,LH_aSTG,0.49182045,-0.004212874,0.32869446
166,friends,Read,LH_IFG,0.38217732,-0.02870826,0.06672546
166,friends,Read,LH_FOP,0.33920187,-0.009198111,-0.2032316
166,friends,Read,LH_MFG,0.33574402,-0.05653375,0.111751325
166,friends,Read,LH_SM,0.4859753,-0.03474561,-0.31702864
166,friends,Read,LH_SMA,0.4183883,-0.02405345,0.07172574
166,friends,Read,LH_IPS,0.45058304,-0.0612527,0.18631856
166,friends,Read,LH_TPJ,0.3707373,-0.025121156,-0.6415018
166,friends,Read,LH_PMC,0.3958326,-0.046505705,-0.8483059
166,friends,Read,RH_EAC,0.45462793,-0.024938002,0.09729988
166,friends,Read,RH_pSTG,0.43650186,-0.004524147,-0.09128685
166,friends,Read,RH_aSTG,0.5179347,0.015977334,0.4509341
166,friends,Read,RH_IFG,0.3957131,0.0058752075,0.37242663
166,friends,Read,RH_FOP,0.3576604,0.022052081,-0.023280406
166,friends,Read,RH_MFG,0.40547827,0.003110981,0.24742925
166,friends,Read,RH_SM,0.49292588,-0.027193116,-0.1605837
166,friends,Read,RH_SMA,0.4060993,0.022156317,0.43073422
166,friends,Read,RH_IPS,0.50004715,-0.07095561,0.13442995
166,friends,Read,RH_TPJ,0.39519033,-0.0017564311,-0.57698274
166,friends,Read,RH_PMC,0.4427094,-0.042650763,-0.7840395
167,friends,Generate,LH_EAC,0.5267065,0.07445556,0.44358435
167,friends,Generate,LH_pSTG,0.50960153,0.037901178,0.53933126
167,friends,Generate,LH_aSTG,0.49417353,0.05362925,0.5071127
167,friends,Generate,LH_IFG,0.4943502,0.070506305,0.013583826
167,friends,Generate,LH_FOP,0.5129955,0.07570303,-0.09786146
167,friends,Generate,LH_MFG,0.52290046,0.06075596,0.10261143
167,friends,Generate,LH_SM,0.5132816,0.012864875,0.041778002
167,friends,Generate,LH_SMA,0.41524452,0.071954146,0.3622542
167,friends,Generate,LH_IPS,0.5433789,0.015095197,-0.020670226
167,friends,Generate,LH_TPJ,0.5378664,-0.016978178,0.31770924
167,friends,Generate,LH_PMC,0.5497532,-0.022787618,0.66439027
167,friends,Generate,RH_EAC,0.54497683,0.0661762,0.27340308
167,friends,Generate,RH_pSTG,0.5447558,0.103493206,0.5480285
167,friends,Generate,RH_aSTG,0.47296524,0.06091464,0.85492814
167,friends,Generate,RH_IFG,0.50825834,0.020286981,0.29366687
167,friends,Generate,RH_FOP,0.47234344,0.071078084,0.20506293
167,friends,Generate,RH_MFG,0.53398675,0.10526508,0.20961836
167,friends,Generate,RH_SM,0.4888324,0.055730652,-0.38045156
167,friends,Generate,RH_SMA,0.48574036,0.052916873,0.23133743
167,friends,Generate,RH_IPS,0.5656912,0.027527709,-0.21552916
167,friends,Generate,RH_TPJ,0.52085096,0.03831754,0.20428361
167,friends,Generate,RH_PMC,0.52750844,0.010798042,0.65715325
167,friends,Read,LH_EAC,0.541072,0.10475515,0.5124145
167,friends,Read,LH_pSTG,0.50974,0.034510553,0.56466055
167,friends,Read,LH_aSTG,0.5196967,0.07777915,0.58465004
167,friends,Read,LH_IFG,0.47641,0.053529177,0.040317804
167,friends,Read,LH_FOP,0.49054953,0.06318244,-0.18774489
167,friends,Read,LH_MFG,0.49377036,-0.0025650684,0.09005254
167,friends,Read,LH_SM,0.5059262,0.07760123,0.09226257
167,friends,Read,LH_SMA,0.4202693,0.002384103,0.41267675
167,friends,Read,LH_IPS,0.5573369,0.013236269,0.03440474
167,friends,Read,LH_TPJ,0.55131614,0.047849774,0.36493564
167,friends,Read,LH_PMC,0.5549183,0.039649423,0.68943816
167,friends,Read,RH_EAC,0.5235845,0.062169254,0.33401385
167,friends,Read,RH_pSTG,0.52633834,0.039681915,0.5413774
167,friends,Read,RH_aSTG,0.4888413,0.08760834,0.89140415
167,friends,Read,RH_IFG,0.4865134,0.03202014,0.26608357
167,friends,Read,RH_FOP,0.4485991,-0.013186795,0.1337619
167,friends,Read,RH_MFG,0.50451267,0.031582974,0.15912834
167,friends,Read,RH_SM,0.48889232,0.05915686,-0.40054554
167,friends,Read,RH_SMA,0.4872942,0.085534014,0.13499734
167,friends,Read,RH_IPS,0.57041895,0.0283336,-0.11925928
167,friends,Read,RH_TPJ,0.5212163,0.06493098,0.18218566
167,friends,Read,RH_PMC,0.51817316,0.038287427,0.6875259
169,friends,Generate,LH_EAC,0.49812424,0.035065196,0.74130946
169,friends,Generate,LH_pSTG,0.5302,0.05015261,0.5942133
169,friends,Generate,LH_aSTG,0.47637078,0.052076496,0.800286
169,friends,Generate,LH_IFG,0.39106327,0.029232524,0.30272266
169,friends,Generate,LH_FOP,0.4206582,0.09256109,-0.1729612
169,friends,Generate,LH_MFG,0.44680774,0.07553198,0.026790977
169,friends,Generate,LH_SM,0.5547292,0.0087480005,0.06323877
169,friends,Generate,LH_SMA,0.39334998,0.084754854,0.5750259
169,friends,Generate,LH_IPS,0.5199063,0.021917108,-0.20071432
169,friends,Generate,LH_TPJ,0.4236701,0.049333427,0.44516942
169,friends,Generate,LH_PMC,0.53511274,0.020036723,0.29171056
169,friends,Generate,RH_EAC,0.5414928,0.07012485,0.29277465
169,friends,Generate,RH_pSTG,0.54697937,0.15545663,0.47978956
169,friends,Generate,RH_aSTG,0.5054273,0.062488418,0.8382767
169,friends,Generate,RH_IFG,0.42865875,0.021241033,0.09754872
169,friends,Generate,RH_FOP,0.39654747,0.120463274,-0.2893603
169,friends,Generate,RH_MFG,0.49158502,0.16694376,0.13676846
169,friends,Generate,RH_SM,0.5630135,-0.022616537,0.29647788
169,friends,Generate,RH_SMA,0.45687532,0.08824546,0.23493123
169,friends,Generate,RH_IPS,0.5110779,0.07707647,-0.12804411
169,friends,Generate,RH_TPJ,0.42571443,0.025514677,0.42938745
169,friends,Generate,RH_PMC,0.5315999,0.023123635,0.3929357
169,friends,Read,LH_EAC,0.5069909,0.10529422,0.75498843
169,friends,Read,LH_pSTG,0.47853947,0.06924184,0.6219187
169,friends,Read,LH_aSTG,0.5090798,0.13403104,0.8534929
169,friends,Read,LH_IFG,0.3864146,0.021540213,0.45995614
169,friends,Read,LH_FOP,0.4219689,0.09747319,-0.101353705
169,friends,Read,LH_MFG,0.4260026,-0.030209338,0.029581089
169,friends,Read,LH_SM,0.52256286,-0.007385182,0.020294454
169,friends,Read,LH_SMA,0.36645755,0.018750187,0.547521
169,friends,Read,LH_IPS,0.51271904,-0.017620957,-0.23162831
169,friends,Read,LH_TPJ,0.44370672,-0.009446847,0.5052797
169,friends,Read,LH_PMC,0.51511204,-0.032255854,0.27969053
169,friends,Read,RH_EAC,0.5359767,0.036910985,0.28773156
169,friends,Read,RH_pSTG,0.50118613,0.077928305,0.44177985
169,friends,Read,RH_aSTG,0.5081589,0.050087973,0.83914644
169,friends,Read,RH_IFG,0.40452647,0.06433595,0.17572704
169,friends,Read,RH_FOP,0.38799554,0.12488156,-0.22807454
169,friends,Read,RH_MFG,0.48405516,0.0069793495,0.04407964
169,friends,Read,RH_SM,0.5217615,-0.013695811,0.24729921
169,friends,Read,RH_SMA,0.43264544,-0.033692714,0.07703684
169,friends,Read,RH_IPS,0.5220425,0.1037287,-0.14879152
169,friends,Read,RH_TPJ,0.4538583,0.025548175,0.4607747
169,friends,Read,RH_PMC,0.5144939,0.02051185,0.3670933
170,friends,Generate,LH_EAC,0.41847226,0.10769017,0.70758224
170,friends,Generate,LH_pSTG,0.39731476,0.083005026,0.66621053
170,friends,Generate,LH_aSTG,0.46247786,0.12558536,0.625223
170,friends,Generate,LH_IFG,0.33824426,0.103397585,0.7399716
170,friends,Generate,LH_FOP,0.3311316,0.07555807,0.5474669
170,friends,Generate,LH_MFG,0.343848,0.03761896,0.5548125
170,friends,Generate,LH_SM,0.3854152,0.028360287,0.48546097
170,friends,Generate,LH_SMA,0.316688,0.14662321,0.83142245
170,friends,Generate,LH_IPS,0.47032806,0.07013565,0.30195278
170,friends,Generate,LH_TPJ,0.45637897,0.004311571,0.5239665
170,friends,Generate,LH_PMC,0.52539825,0.06470676,0.45326686
170,friends,Generate,RH_EAC,0.41280475,0.084351845,0.7542157
170,friends,Generate,RH_pSTG,0.4233686,0.10979147,0.57496166
170,friends,Generate,RH_aSTG,0.45671389,0.105473325,0.5295149
170,friends,Generate,RH_IFG,0.35000792,0.019198107,0.2749841
170,friends,Generate,RH_FOP,0.26330245,0.04259356,0.3501533
170,friends,Generate,RH_MFG,0.37299773,0.06914111,0.110693276
170,friends,Generate,RH_SM,0.3033986,0.019652959,0.48803088
170,friends,Generate,RH_SMA,0.32649186,0.088469625,0.63152087
170,friends,Generate,RH_IPS,0.4347918,0.005017406,-0.13388598
170,friends,Generate,RH_TPJ,0.44527245,0.013506601,0.3183105
170,friends,Generate,RH_PMC,0.5179943,0.036460843,0.3385592
170,friends,Read,LH_EAC,0.39878485,0.058576312,0.7033965
170,friends,Read,LH_pSTG,0.3799768,-0.039068874,0.68963796
170,friends,Read,LH_aSTG,0.43346763,0.04109601,0.6416634
170,friends,Read,LH_IFG,0.36264467,0.056893975,0.72502023
170,friends,Read,LH_FOP,0.3178121,0.07957007,0.5079863
170,friends,Read,LH_MFG,0.3413406,0.06187481,0.5393762
170,friends,Read,LH_SM,0.40614665,0.10277707,0.47909504
170,friends,Read,LH_SMA,0.31335112,0.08696245,0.79510814
170,friends,Read,LH_IPS,0.48774683,0.012294326,0.22395273
170,friends,Read,LH_TPJ,0.47062185,0.021801833,0.49638617
170,friends,Read,LH_PMC,0.49036086,0.031672593,0.455114
170,friends,Read,RH_EAC,0.40048867,0.045804158,0.7482115
170,friends,Read,RH_pSTG,0.39409983,-0.0030967353,0.5731786
170,friends,Read,RH_aSTG,0.4456281,0.009644273,0.52172494
170,friends,Read,RH_IFG,0.35771704,-0.0138750095,0.21006593
170,friends,Read,RH_FOP,0.2455999,0.065064594,0.33910468
170,friends,Read,RH_MFG,0.37412488,0.023915453,0.13866135
170,friends,Read,RH_SM,0.3666365,0.05995781,0.43940577
170,friends,Read,RH_SMA,0.31040218,0.060123835,0.5771531
170,friends,Read,RH_IPS,0.45219007,0.02535142,-0.079629175
170,friends,Read,RH_TPJ,0.42066205,0.075754456,0.27995798
170,friends,Read,RH_PMC,0.48598444,0.048534837,0.4401536
172,friends,Generate,LH_EAC,0.45266575,0.013063689,0.9229993
172,friends,Generate,LH_pSTG,0.4702813,-0.043957744,0.727339
172,friends,Generate,LH_aSTG,0.49998218,0.061584875,0.6688162
172,friends,Generate,LH_IFG,0.48830694,0.018580705,-0.00030525372
172,friends,Generate,LH_FOP,0.49798733,0.034742437,0.021911962
172,friends,Generate,LH_MFG,0.47494575,0.05288673,0.10001651
172,friends,Generate,LH_SM,0.5153963,-0.06938817,0.06898779
172,friends,Generate,LH_SMA,0.42832363,-0.0011829376,-0.1624676
172,friends,Generate,LH_IPS,0.5434453,-0.010310287,-0.34367195
172,friends,Generate,LH_TPJ,0.4776019,-0.013306759,0.066398874
172,friends,Generate,LH_PMC,0.52784544,-0.030418387,0.09635285
172,friends,Generate,RH_EAC,0.47293904,-0.0060479622,0.79356796
172,friends,Generate,RH_pSTG,0.51967,0.0653176,0.6632232
172,friends,Generate,RH_aSTG,0.48714295,0.06515289,0.6291605
172,friends,Generate,RH_IFG,0.47841948,0.11609918,-0.13862367
172,friends,Generate,RH_FOP,0.48178273,0.045271557,0.25445393
172,friends,Generate,RH_MFG,0.49210963,0.07688921,0.5011251
172,friends,Generate,RH_SM,0.5365205,-0.025063466,0.28375167
172,friends,Generate,RH_SMA,0.49284643,0.0531595,0.3661473
172,friends,Generate,RH_IPS,0.53013587,-0.02370938,0.045282863
172,friends,Generate,RH_TPJ,0.45908862,0.02383219,-0.22839676
172,friends,Generate,RH_PMC,0.52762437,-0.010846667,0.4373278
172,friends,Read,LH_EAC,0.4811017,0.08822414,0.9313803
172,friends,Read,LH_pSTG,0.49708804,-0.037288446,0.72740215
172,friends,Read,LH_aSTG,0.5336219,0.05692476,0.6429738
172,friends,Read,LH_IFG,0.50687784,-0.02976509,0.06537815
172,friends,Read,LH_FOP,0.49984044,-0.06057144,0.010391856
172,friends,Read,LH_MFG,0.47376388,-0.09935628,0.13861439
172,friends,Read,LH_SM,0.53174686,-0.11885917,0.03600866
172,friends,Read,LH_SMA,0.46113762,-0.08263183,-0.14566949
172,friends,Read,LH_IPS,0.5695623,0.0136832595,-0.26991105
172,friends,Read,LH_TPJ,0.49832177,-0.014623934,0.045077227
172,friends,Read,LH_PMC,0.54557085,-0.08016716,0.1825369
172,friends,Read,RH_EAC,0.49882293,0.07573223,0.8013298
172,friends,Read,RH_pSTG,0.5108886,-0.028439363,0.60543364
172,friends,Read,RH_aSTG,0.51707053,0.088465236,0.62620693
172,friends,Read,RH_IFG,0.46589196,-0.019501783,-0.20393372
172,friends,Read,RH_FOP,0.44399405,-0.018027553,0.23732892
172,friends,Read,RH_MFG,0.49641985,-0.03233563,0.43754825
172,friends,Read,RH_SM,0.5599358,-0.14539707,0.17237164
172,friends,Read,RH_SMA,0.4817108,-0.1079828,0.21909533
172,friends,Read,RH_IPS,0.5591476,0.019417934,0.022214532
172,friends,Read,RH_TPJ,0.49055028,0.0003256292,-0.36529446
172,friends,Read,RH_PMC,0.5359423,-0.03479631,0.42633504
173,friends,Generate,LH_EAC,0.4376396,0.12715858,0.20291205
173,friends,Generate,LH_pSTG,0.4844144,0.07258293,0.24838576
173,friends,Generate,LH_aSTG,0.43716228,0.056074325,0.49371445
173,friends,Generate,LH_IFG,0.38676006,0.002789902,0.2464837
173,friends,Generate,LH_FOP,0.3946506,0.0693413,0.23458175
173,friends,Generate,LH_MFG,0.38381487,0.006481527,0.64474934
173,friends,Generate,LH_SM,0.50218785,0.033606462,-0.5901403
173,friends,Generate,LH_SMA,0.43744212,-0.00939384,-0.38750312
173,friends,Generate,LH_IPS,0.4437203,-0.023897955,0.8025165
173,friends,Generate,LH_TPJ,0.4483102,-0.0421473,-0.5625849
173,friends,Generate,LH_PMC,0.5478989,-0.06373709,-0.38335556
173,friends,Generate,RH_EAC,0.40983784,0.08748772,-0.20101427
173,friends,Generate,RH_pSTG,0.42544714,0.030312145,-0.017939696
173,friends,Generate,RH_aSTG,0.45005625,0.045345895,0.15102045
173,friends,Generate,RH_IFG,0.46381772,0.009947928,0.06962803
173,friends,Generate,RH_FOP,0.36870676,0.021498065,0.20827886
173,friends,Generate,RH_MFG,0.5061897,-0.024180852,0.29889172
173,friends,Generate,RH_SM,0.47258645,0.0012914683,-0.02353312
173,friends,Generate,RH_SMA,0.44751492,-0.028117964,-0.48529297
173,friends,Generate,RH_IPS,0.3873039,-0.0018087156,0.8020187
173,friends,Generate,RH_TPJ,0.4426661,0.040978245,-0.52027065
173,friends,Generate,RH_PMC,0.5330122,0.016916942,-0.114478186
173,friends,Read,LH_EAC,0.4385306,0.09997517,0.16885059
173,friends,Read,LH_pSTG,0.48448354,0.0016060666,0.2905815
173,friends,Read,LH_aSTG,0.42423415,0.04360138,0.53400505
173,friends,Read,LH_IFG,0.41838598,0.002635241,0.23513183
173,friends,Read,LH_FOP,0.44256693,0.018039009,0.23493205
173,friends,Read,LH_MFG,0.36811155,-0.02306649,0.6142087
173,friends,Read,LH_SM,0.5084343,0.014697453,-0.5576642
173,friends,Read,LH_SMA,0.4463105,0.024096904,-0.36421776
173,friends,Read,LH_IPS,0.43411306,-0.035060193,0.77129024
173,friends,Read,LH_TPJ,0.48354834,-0.10828745,-0.4702243
173,friends,Read,LH_PMC,0.54010177,-0.08622325,-0.40989834
173,friends,Read,RH_EAC,0.39372998,0.013839337,-0.23552898
173,friends,Read,RH_pSTG,0.42020532,0.07278857,-0.02225747
173,friends,Read,RH_aSTG,0.43528667,0.023669451,0.13850784
173,friends,Read,RH_IFG,0.46805876,-0.04799126,0.0254074
173,friends,Read,RH_FOP,0.41896534,0.042097554,0.19223715
173,friends,Read,RH_MFG,0.5109414,0.048880316,0.39531866
173,friends,Read,RH_SM,0.46104336,0.015386104,0.006478558
173,friends,Read,RH_SMA,0.44973004,0.0037989274,-0.4766489
173,friends,Read,RH_IPS,0.395628,-0.039911345,0.7989736
173,friends,Read,RH_TPJ,0.4792359,-0.041185915,-0.49995956
173,friends,Read,RH_PMC,0.53278434,-0.036999334,-0.14380522
175,friends,Generate,LH_EAC,0.39196005,-0.07977057,0.5135271
175,friends,Generate,LH_pSTG,0.37252015,-0.013852122,0.27095932
175,friends,Generate,LH_aSTG,0.47503704,-0.10227858,0.18122569
175,friends,Generate,LH_IFG,0.38300598,-0.009229135,0.2777504
175,friends,Generate,LH_FOP,0.38145506,0.0021397816,-0.16050446
175,friends,Generate,LH_MFG,0.3497886,-0.021536162,0.63689375
175,friends,Generate,LH_SM,0.4476117,-0.06140242,0.46142596
175,friends,Generate,LH_SMA,0.38180915,-0.07123114,0.34305194
175,friends,Generate,LH_IPS,0.49195293,-0.0042809714,0.4154696
175,friends,Generate,LH_TPJ,0.42634743,-0.10791832,0.014143682
175,friends,Generate,LH_PMC,0.5574156,-0.13765661,-0.5880446
175,friends,Generate,RH_EAC,0.38861227,-0.08615479,0.5744075
175,friends,Generate,RH_pSTG,0.40904796,-0.0073411763,0.18587519
175,friends,Generate,RH_aSTG,0.44410515,-0.10218071,0.37375867
175,friends,Generate,RH_IFG,0.3720055,-0.022342024,0.27941087
175,friends,Generate,RH_FOP,0.33628696,0.010716333,-0.30769584
175,friends,Generate,RH_MFG,0.3559429,-0.0013226443,0.620629
175,friends,Generate,RH_SM,0.46737564,-0.11018622,0.5131703
175,friends,Generate,RH_SMA,0.37332356,-0.0643067,0.23318684
175,friends,Generate,RH_IPS,0.46953225,-0.003009834,0.19321585
175,friends,Generate,RH_TPJ,0.4104413,0.0324378,-0.26019973
175,friends,Generate,RH_PMC,0.5015059,-0.06990471,-0.6588019
175,friends,Read,LH_EAC,0.40983045,-0.070457056,0.5330505
175,friends,Read,LH_pSTG,0.39904743,-0.0021618356,0.22109334
175,friends,Read,LH_aSTG,0.50600386,-0.007253978,0.2888585
175,friends,Read,LH_IFG,0.39905494,-0.055921115,0.38016343
175,friends,Read,LH_FOP,0.4030072,-0.02297772,-0.12031759
175,friends,Read,LH_MFG,0.34380168,-0.077514954,0.64818096
175,friends,Read,LH_SM,0.45958346,-0.02825626,0.45194682
175,friends,Read,LH_SMA,0.413387,-0.056213234,0.3473186
175,friends,Read,LH_IPS,0.5007832,-0.029157152,0.476106
175,friends,Read,LH_TPJ,0.44020957,-0.02577763,0.114588484
175,friends,Read,LH_PMC,0.52977914,-0.030550765,-0.51834345
175,friends,Read,RH_EAC,0.3877606,-0.071983084,0.5727928
175,friends,Read,RH_pSTG,0.43166572,-0.010902252,0.13802065
175,friends,Read,RH_aSTG,0.49396497,-0.029083746,0.4485473
175,friends,Read,RH_IFG,0.41332015,0.014922899,0.3693032
175,friends,Read,RH_FOP,0.38592184,-0.025688622,-0.28333727
175,friends,Read,RH_MFG,0.3458343,-0.12100672,0.53270817
175,friends,Read,RH_SM,0.47967392,-0.05406051,0.5334167
175,friends,Read,RH_SMA,0.39586517,-0.045016333,0.25914118
175,friends,Read,RH_IPS,0.4719627,-0.0025748452,0.2798924
175,friends,Read,RH_TPJ,0.42138565,0.02132592,-0.23135376
175,friends,Read,RH_PMC,0.4856738,-0.054441366,-0.6202382
